age,bp,bgr,bu,sc,sod,pot,hemo,pcv,wc,rc,sg,al,su,rbc,pc,pcc,ba,htn,dm,cad,appet,pe,ane,target
51.0,80.0,124.0,30.9,1.01,139.0,4.4,12.7,36.0,6336.0,4.9,1.02,0.0,0.0,normal,normal,notpresent,notpresent,no,no,no,good,no,no,1
67.0,80.0,127.0,38.7,1.78,136.0,4.2,10.0,41.0,8010.0,4.6,1.01,0.0,0.0,normal,normal,notpresent,notpresent,no,no,no,good,no,no,1
59.0,80.0,105.0,47.0,1.73,138.0,3.5,11.3,24.0,7392.0,4.7,1.02,0.0,0.0,normal,normal,notpresent,notpresent,yes,no,no,good,no,no,1
63.0,70.0,105.0,31.4,1.44,136.0,4.2,13.6,32.0,7876.0,4.8,1.01,0.0,0.0,normal,normal,notpresent,notpresent,yes,yes,no,good,no,no,1
56.0,80.0,141.0,49.0,1.16,136.0,4.2,9.9,33.0,8522.0,4.8,1.01,2.0,0.0,normal,abnormal,notpresent,notpresent,yes,yes,no,good,no,no,1
72.0,80.0,97.0,27.8,1.37,137.0,3.6,12.7,46.0,9165.0,4.8,1.02,0.0,0.0,normal,normal,notpresent,notpresent,no,no,no,good,no,no,0
68.0,70.0,91.0,39.7,0.89,137.0,3.8,10.9,42.0,9335.0,4.7,1.02,0.0,0.0,normal,normal,notpresent,notpresent,no,no,no,good,no,no,1
63.0,80.0,112.0,39.5,2.14,137.0,4.4,9.9,39.0,8144.0,4.7,1.02,0.0,0.0,normal,normal,notpresent,notpresent,no,no,no,good,no,no,1
70.0,70.0,140.0,34.8,1.69,138.0,4.4,10.2,31.0,7620.0,4.7,1.02,0.0,0.0,normal,normal,notpresent,notpresent,no,no,no,good,no,no,1
65.0,80.0,130.0,57.9,3.87,137.0,4.3,15.2,37.0,10909.0,3.5,1.01,2.0,0.0,normal,normal,notpresent,notpresent,yes,yes,no,good,no,no,1
61.0,70.0,111.0,41.0,1.33,136.0,4.3,10.0,41.0,8314.0,4.7,1.02,0.0,0.0,normal,normal,notpresent,notpresent,no,no,no,good,no,no,0
73.0,80.0,117.0,39.0,1.39,138.0,4.0,14.1,42.0,4468.0,4.5,1.02,0.0,0.0,normal,normal,notpresent,notpresent,no,no,no,good,no,no,0
53.0,80.0,125.0,28.3,0.7,138.0,3.5,10.8,40.0,8089.0,4.6,1.02,0.0,0.0,normal,normal,notpresent,notpresent,no,no,no,good,no,no,1
69.0,80.0,137.0,31.4,0.71,140.0,3.2,13.1,51.0,8868.0,5.3,1.02,0.0,0.0,normal,normal,notpresent,notpresent,no,no,no,good,no,no,0
64.0,80.0,118.0,20.1,1.1,136.0,3.7,13.1,33.0,6345.0,4.5,1.02,0.0,0.0,normal,normal,notpresent,notpresent,no,no,no,good,no,no,1
58.0,80.0,92.0,24.9,0.85,138.0,4.2,13.6,40.0,8035.0,4.8,1.015,0.0,0.0,normal,normal,notpresent,notpresent,no,no,no,good,no,no,1
57.0,80.0,128.0,57.9,0.62,138.0,5.0,11.9,50.0,5229.0,4.8,1.02,0.0,0.0,normal,normal,notpresent,notpresent,no,no,no,good,no,no,0
59.0,70.0,135.0,28.2,1.19,139.0,4.3,13.7,42.0,7439.0,4.7,1.02,0.0,0.0,normal,normal,notpresent,notpresent,no,no,no,good,no,no,1
63.0,80.0,107.0,33.2,0.41,139.0,4.9,14.6,51.0,6493.0,6.2,1.02,0.0,0.0,normal,normal,notpresent,notpresent,no,no,no,good,no,no,0
54.0,70.0,142.0,31.9,0.4,138.0,3.7,12.3,40.0,7702.0,4.6,1.02,0.0,0.0,normal,normal,notpresent,notpresent,no,no,no,good,no,no,1
61.0,80.0,105.0,47.7,1.24,138.0,4.3,13.9,40.0,8295.0,4.5,1.02,0.0,0.0,normal,normal,notpresent,notpresent,no,no,no,good,no,no,1
53.0,70.0,112.0,17.8,1.41,138.0,3.9,13.2,41.0,7914.0,4.8,1.02,0.0,0.0,normal,normal,notpresent,notpresent,no,no,no,good,no,no,1
81.0,80.0,124.0,38.7,1.42,138.0,4.0,7.9,29.0,7587.0,4.5,1.02,0.0,0.0,normal,normal,notpresent,notpresent,yes,no,no,good,no,no,1
58.0,80.0,122.0,25.3,1.55,137.0,4.2,11.3,28.0,6847.0,4.6,1.01,0.0,0.0,normal,normal,notpresent,notpresent,no,no,no,good,no,no,1
54.0,70.0,128.0,36.8,1.47,139.0,4.3,12.5,36.0,7492.0,4.8,1.02,0.0,0.0,normal,normal,notpresent,notpresent,yes,yes,no,good,no,no,1
55.0,80.0,120.0,39.1,1.58,136.0,4.4,12.7,40.0,8339.0,4.7,1.01,0.0,0.0,normal,normal,notpresent,notpresent,no,no,no,good,no,no,1
70.0,80.0,99.0,14.0,0.95,138.0,4.3,13.6,41.0,8017.0,5.0,1.02,0.0,0.0,normal,normal,notpresent,notpresent,no,no,no,good,no,no,1
68.0,80.0,103.0,35.5,1.88,138.0,4.4,11.1,27.0,7011.0,4.7,1.02,0.0,0.0,normal,normal,notpresent,notpresent,no,no,no,good,no,no,1
62.0,80.0,123.0,25.1,1.0,138.0,3.0,11.0,39.0,8629.0,4.6,1.02,0.0,0.0,normal,normal,notpresent,notpresent,no,no,no,good,no,no,1
49.0,80.0,136.0,46.1,0.89,138.0,3.4,12.3,41.0,5247.0,4.8,1.02,0.0,0.0,normal,normal,notpresent,notpresent,no,no,no,good,no,no,0
67.0,80.0,120.0,29.1,0.8,138.0,3.6,12.3,38.0,6121.0,4.5,1.02,0.0,0.0,normal,normal,notpresent,notpresent,no,no,no,good,no,no,0
62.0,80.0,80.0,25.3,1.38,137.0,4.0,13.3,26.0,8111.0,4.8,1.02,0.0,0.0,normal,normal,notpresent,notpresent,no,no,no,good,no,no,1
55.0,80.0,139.0,26.3,1.33,139.0,4.2,16.6,42.0,7830.0,4.6,1.02,0.0,0.0,normal,normal,notpresent,notpresent,no,no,no,good,no,no,1
44.0,80.0,124.0,41.7,1.31,138.0,3.7,12.7,28.0,8503.0,4.7,1.015,0.0,0.0,normal,normal,notpresent,notpresent,no,no,no,good,no,no,1
51.0,70.0,97.0,45.8,2.19,138.0,4.2,10.1,32.0,8419.0,4.7,1.01,1.0,0.0,normal,normal,notpresent,notpresent,yes,yes,no,good,no,no,1
64.0,80.0,109.0,44.2,0.88,138.0,3.9,12.2,43.0,7804.0,4.9,1.02,0.0,0.0,normal,normal,notpresent,notpresent,no,no,no,good,no,no,0
72.0,70.0,149.0,22.5,0.93,138.0,4.3,13.1,41.0,7874.0,4.7,1.02,0.0,0.0,normal,normal,notpresent,notpresent,no,no,no,good,no,no,0
56.0,70.0,102.0,26.9,1.87,138.0,4.3,13.5,33.0,7830.0,4.8,1.01,0.0,0.0,normal,normal,notpresent,notpresent,no,no,no,good,no,no,1
63.0,70.0,144.0,58.0,0.58,138.0,4.2,9.2,41.0,7354.0,4.8,1.02,0.0,0.0,normal,normal,notpresent,notpresent,yes,yes,no,good,no,no,1
55.0,80.0,118.0,31.8,0.57,136.0,3.7,13.9,51.0,5222.0,4.6,1.02,0.0,0.0,normal,normal,notpresent,notpresent,no,no,no,good,no,no,0
51.0,80.0,124.0,36.6,1.19,136.0,3.9,14.8,53.0,8497.0,6.0,1.02,0.0,0.0,normal,normal,notpresent,notpresent,no,no,no,good,no,no,0
48.0,80.0,136.0,44.5,0.77,139.0,3.4,12.8,45.0,9312.0,5.6,1.02,0.0,0.0,normal,normal,notpresent,notpresent,no,no,no,good,no,no,0
56.0,70.0,92.0,28.1,1.24,137.0,4.2,7.8,35.0,8381.0,4.6,1.01,0.0,0.0,normal,normal,notpresent,notpresent,no,no,no,good,no,no,1
77.0,70.0,113.0,41.1,1.77,139.0,4.3,8.7,19.0,8543.0,4.7,1.02,0.0,0.0,normal,normal,notpresent,notpresent,yes,yes,no,good,no,no,1
64.0,80.0,98.0,42.4,0.94,137.0,4.9,14.3,34.0,11271.0,4.8,1.02,0.0,0.0,normal,normal,notpresent,notpresent,no,no,no,good,no,no,1
55.0,80.0,92.0,32.2,0.84,138.0,4.3,12.2,44.0,7290.0,4.8,1.02,0.0,0.0,normal,normal,notpresent,notpresent,no,no,no,good,no,no,0
44.0,80.0,105.0,27.1,1.5,139.0,3.9,14.0,53.0,8354.0,4.8,1.02,0.0,0.0,normal,normal,notpresent,notpresent,no,no,no,good,no,no,0
53.0,80.0,111.0,31.8,0.79,139.0,3.9,14.1,47.0,7192.0,4.8,1.02,0.0,0.0,normal,normal,notpresent,notpresent,no,no,no,good,no,no,0
64.0,80.0,126.0,28.8,0.62,141.0,3.7,13.8,39.0,8049.0,4.6,1.02,0.0,0.0,normal,normal,notpresent,notpresent,no,no,no,good,no,no,1
57.0,80.0,106.0,38.4,0.4,141.0,3.4,11.4,48.0,8682.0,5.6,1.02,0.0,0.0,normal,normal,notpresent,notpresent,no,no,no,good,no,no,0
65.0,70.0,105.0,25.8,0.4,138.0,4.3,11.0,40.0,7941.0,4.4,1.02,0.0,0.0,normal,normal,notpresent,notpresent,no,no,no,good,no,no,1
54.0,80.0,117.0,20.0,0.4,140.0,3.6,11.2,48.0,4578.0,5.9,1.02,0.0,0.0,normal,normal,notpresent,notpresent,no,no,no,good,no,no,0
64.0,70.0,138.0,12.5,1.93,137.0,4.2,10.3,39.0,7846.0,4.7,1.02,0.0,0.0,normal,normal,notpresent,notpresent,no,no,no,good,no,no,1
65.0,70.0,109.0,40.2,1.15,138.0,4.4,12.6,41.0,8038.0,4.8,1.02,0.0,0.0,normal,normal,notpresent,notpresent,no,no,no,good,no,no,1
77.0,70.0,115.0,54.4,1.13,137.0,4.4,11.4,38.0,8143.0,4.7,1.02,0.0,0.0,normal,normal,notpresent,notpresent,no,no,no,good,no,no,1
64.0,80.0,106.0,58.1,1.13,138.0,3.6,16.5,32.0,10522.0,4.9,1.02,0.0,0.0,normal,normal,notpresent,notpresent,no,no,no,good,no,no,0
77.0,70.0,150.0,33.0,0.75,141.0,4.4,11.1,40.0,12458.0,4.6,1.015,0.0,0.0,normal,normal,notpresent,notpresent,yes,yes,no,good,no,no,1
49.0,80.0,76.0,36.8,0.78,137.0,4.2,12.7,38.0,6619.0,4.6,1.01,0.0,0.0,normal,normal,notpresent,notpresent,no,no,no,good,no,no,1
68.0,80.0,94.0,25.7,1.52,140.0,4.3,12.9,39.0,5478.0,4.8,1.02,0.0,0.0,normal,normal,notpresent,notpresent,no,no,no,good,no,no,0
81.0,80.0,96.0,52.9,0.98,136.0,3.9,13.2,41.0,7696.0,4.7,1.02,0.0,0.0,normal,normal,notpresent,notpresent,no,no,no,good,no,no,0
65.0,80.0,135.0,28.0,0.4,138.0,4.0,12.9,42.0,7952.0,4.7,1.02,0.0,0.0,normal,normal,notpresent,notpresent,no,no,no,good,no,no,0
72.0,80.0,94.0,28.5,1.58,139.0,4.5,9.2,34.0,7870.0,4.6,1.01,0.0,0.0,normal,normal,notpresent,notpresent,no,yes,no,good,no,no,1
65.0,80.0,105.0,41.8,0.91,136.0,3.0,12.7,44.0,6827.0,4.6,1.02,0.0,0.0,normal,normal,notpresent,notpresent,no,no,no,good,no,no,1
40.0,70.0,112.0,37.4,0.97,139.0,4.2,12.3,28.0,7231.0,4.7,1.015,0.0,0.0,normal,normal,notpresent,notpresent,no,no,no,good,no,no,1
79.0,70.0,116.0,23.5,1.13,140.0,4.2,9.6,41.0,7855.0,4.7,1.02,0.0,0.0,normal,normal,notpresent,notpresent,no,no,no,good,no,no,1
64.0,70.0,120.0,21.5,0.86,137.0,3.4,12.2,24.0,7432.0,4.7,1.02,0.0,0.0,normal,normal,notpresent,notpresent,no,no,no,good,no,no,1
64.0,80.0,99.0,38.1,1.94,138.0,4.3,16.2,40.0,6075.0,4.6,1.02,0.0,0.0,normal,normal,notpresent,notpresent,no,no,no,good,no,no,1
55.0,80.0,106.0,15.3,1.11,139.0,3.6,12.0,50.0,6548.0,4.7,1.02,0.0,0.0,normal,normal,notpresent,notpresent,no,no,no,good,no,no,0
61.0,80.0,101.0,23.8,1.24,138.0,3.5,15.3,42.0,6498.0,5.8,1.02,0.0,0.0,normal,normal,notpresent,notpresent,no,no,no,good,no,no,0
62.0,70.0,121.0,52.7,1.22,137.0,4.2,12.0,40.0,8197.0,4.6,1.01,0.0,0.0,normal,normal,notpresent,notpresent,no,no,no,good,no,no,1
73.0,80.0,122.0,43.8,1.27,138.0,3.0,12.7,47.0,9792.0,4.7,1.02,0.0,0.0,normal,normal,notpresent,notpresent,no,no,no,good,no,no,0
60.0,80.0,123.0,24.6,1.01,137.0,4.8,9.2,49.0,10110.0,4.8,1.02,0.0,0.0,normal,normal,notpresent,notpresent,no,no,no,good,no,no,0
64.0,80.0,110.0,42.0,0.94,138.0,4.3,11.4,39.0,6192.0,4.6,1.02,0.0,0.0,normal,normal,notpresent,notpresent,no,no,no,good,no,no,1
73.0,70.0,96.0,30.2,1.52,138.0,3.8,9.4,41.0,8034.0,4.6,1.02,0.0,0.0,normal,normal,notpresent,notpresent,no,no,no,good,no,no,1
68.0,80.0,116.0,15.9,1.13,138.0,4.0,13.7,52.0,6334.0,5.5,1.02,0.0,0.0,normal,normal,notpresent,notpresent,no,no,no,good,no,no,0
52.0,80.0,104.0,23.3,0.95,137.0,3.3,9.3,24.0,8189.0,4.8,1.02,0.0,0.0,normal,normal,notpresent,notpresent,no,no,no,good,no,no,1
41.0,80.0,82.0,46.0,1.07,139.0,4.2,12.6,26.0,9103.0,4.8,1.02,0.0,0.0,normal,normal,notpresent,notpresent,no,no,no,good,no,no,1
65.0,70.0,127.0,34.4,1.41,138.0,4.3,11.7,40.0,8280.0,4.6,1.02,0.0,0.0,normal,normal,notpresent,notpresent,no,no,no,good,no,no,1
47.0,80.0,108.0,20.4,0.6,138.0,3.8,13.0,38.0,8727.0,4.7,1.02,0.0,0.0,normal,normal,notpresent,notpresent,no,no,no,good,no,no,1
71.0,80.0,105.0,20.2,1.11,137.0,3.8,13.9,42.0,7672.0,4.7,1.02,0.0,0.0,normal,normal,notpresent,notpresent,no,no,no,good,no,no,0
57.0,80.0,114.0,31.3,0.79,139.0,4.0,14.5,41.0,8350.0,4.7,1.02,0.0,0.0,normal,normal,notpresent,notpresent,no,no,no,good,no,no,0
64.0,90.0,182.0,111.2,1.4,139.0,4.0,10.5,29.0,7373.0,3.9,1.015,0.0,0.0,normal,normal,notpresent,notpresent,yes,yes,no,good,no,yes,1
49.0,70.0,105.0,32.5,1.11,138.0,4.3,9.4,30.0,7667.0,4.7,1.01,2.0,0.0,normal,normal,notpresent,notpresent,yes,yes,no,good,no,no,1
60.0,70.0,128.0,25.5,0.54,141.0,4.1,12.1,40.0,7296.0,4.7,1.02,0.0,0.0,normal,normal,notpresent,notpresent,no,no,no,good,no,no,1
78.0,70.0,110.0,57.3,1.54,138.0,4.3,9.9,32.0,10859.0,4.6,1.01,0.0,0.0,normal,normal,notpresent,notpresent,yes,yes,no,good,no,no,1
64.0,70.0,139.0,33.8,0.4,136.0,3.0,9.7,42.0,7899.0,4.7,1.02,0.0,0.0,normal,normal,notpresent,notpresent,no,no,no,good,no,no,1
59.0,80.0,106.0,28.3,1.19,139.0,3.6,13.0,40.0,8125.0,4.7,1.02,0.0,0.0,normal,normal,notpresent,notpresent,no,no,no,good,no,no,0
53.0,80.0,122.0,56.1,1.55,137.0,4.0,9.9,26.0,8205.0,4.7,1.015,0.0,0.0,normal,normal,notpresent,notpresent,yes,yes,no,good,no,no,1
54.0,80.0,112.0,43.7,0.77,140.0,4.3,13.0,37.0,8672.0,4.8,1.01,0.0,0.0,normal,normal,notpresent,notpresent,no,no,no,good,no,no,1
55.0,80.0,121.0,23.5,0.75,137.0,4.3,11.1,34.0,6096.0,4.7,1.02,0.0,0.0,normal,normal,notpresent,notpresent,no,no,no,good,no,no,1
60.0,80.0,134.0,14.7,1.93,139.0,3.7,8.5,40.0,8064.0,4.5,1.02,0.0,0.0,normal,normal,notpresent,notpresent,no,no,no,good,no,no,1
60.0,80.0,93.0,16.0,0.4,140.0,3.9,10.4,39.0,6425.0,4.7,1.02,0.0,0.0,normal,normal,notpresent,notpresent,no,no,no,good,no,no,1
67.0,70.0,134.0,38.7,0.44,137.0,3.0,11.9,39.0,10655.0,4.9,1.02,0.0,0.0,normal,normal,notpresent,notpresent,no,no,no,good,no,no,1
50.0,80.0,118.0,35.6,0.67,136.0,3.5,12.5,40.0,6616.0,3.5,1.02,0.0,0.0,normal,normal,notpresent,notpresent,yes,no,no,good,no,no,1
56.0,70.0,126.0,48.0,0.72,134.0,4.1,12.1,35.0,9500.0,4.8,1.01,1.0,0.0,normal,normal,notpresent,notpresent,no,no,no,good,no,no,1
79.0,80.0,111.0,13.6,0.73,141.0,3.8,13.0,46.0,9752.0,4.7,1.02,0.0,0.0,normal,normal,notpresent,notpresent,no,no,no,good,no,no,0
61.0,80.0,121.0,32.0,0.98,139.0,4.3,11.7,42.0,8265.0,4.6,1.02,0.0,0.0,normal,normal,notpresent,notpresent,no,no,no,good,no,no,1
61.0,90.0,105.0,31.9,1.36,140.0,4.1,7.7,17.0,7650.0,4.8,1.02,0.0,0.0,normal,normal,notpresent,notpresent,yes,yes,no,good,no,no,1
75.0,70.0,127.0,16.1,1.58,137.0,4.3,9.7,32.0,8499.0,4.8,1.01,0.0,0.0,normal,normal,notpresent,notpresent,yes,yes,no,good,no,no,1
65.0,70.0,97.0,50.6,1.82,136.0,3.9,12.9,41.0,10471.0,4.6,1.02,0.0,0.0,normal,normal,notpresent,notpresent,no,no,no,good,no,no,1
64.0,80.0,109.0,49.4,0.4,141.0,4.4,8.2,25.0,7860.0,4.7,1.01,0.0,0.0,normal,normal,notpresent,notpresent,no,no,no,good,no,no,1
66.0,70.0,83.0,35.0,2.25,136.0,4.2,9.4,28.0,6512.0,4.9,1.01,0.0,0.0,normal,normal,notpresent,notpresent,no,no,no,good,no,no,1
72.0,80.0,138.0,41.8,0.4,138.0,3.3,12.3,40.0,7750.0,4.7,1.02,0.0,0.0,normal,normal,notpresent,notpresent,no,no,no,good,no,no,1
63.0,70.0,138.0,26.9,1.12,136.0,4.3,8.9,41.0,8257.0,4.8,1.015,0.0,0.0,normal,normal,notpresent,notpresent,yes,yes,no,good,no,no,1
64.0,70.0,86.0,45.4,1.27,138.0,4.4,12.5,41.0,8125.0,4.7,1.015,0.0,0.0,normal,normal,notpresent,notpresent,no,no,no,good,no,no,1
71.0,80.0,110.0,45.5,0.8,135.0,4.3,13.1,30.0,7048.0,4.8,1.02,0.0,0.0,normal,normal,notpresent,notpresent,no,no,no,good,no,no,1
58.0,80.0,90.0,21.2,1.11,136.0,3.6,9.5,52.0,6005.0,6.0,1.02,0.0,0.0,normal,normal,notpresent,notpresent,no,no,no,good,no,no,0
59.0,70.0,132.0,37.6,1.41,137.0,4.2,8.7,38.0,7588.0,4.7,1.02,0.0,0.0,normal,normal,notpresent,notpresent,no,no,no,good,no,no,1
59.0,70.0,121.0,26.7,1.46,136.0,4.3,13.5,41.0,8159.0,4.7,1.01,0.0,0.0,normal,normal,notpresent,notpresent,no,no,no,good,no,no,1
68.0,70.0,73.0,28.9,0.61,136.0,4.2,10.6,39.0,8652.0,4.7,1.01,0.0,0.0,normal,normal,notpresent,notpresent,no,no,no,good,no,no,1
81.0,80.0,140.0,58.3,1.33,139.0,4.4,13.2,26.0,9943.0,4.9,1.01,2.0,0.0,normal,normal,notpresent,notpresent,yes,yes,no,good,no,no,1
70.0,70.0,106.0,11.3,0.4,140.0,4.3,13.0,39.0,9149.0,4.5,1.02,0.0,0.0,normal,normal,notpresent,notpresent,no,no,no,good,no,no,1
45.0,80.0,68.0,16.9,1.3,140.0,4.4,14.1,40.0,8013.0,4.7,1.02,0.0,0.0,normal,normal,notpresent,notpresent,no,no,no,good,no,no,1
62.0,70.0,115.0,23.6,1.4,139.0,4.4,8.9,39.0,8032.0,4.5,1.015,0.0,0.0,normal,normal,notpresent,notpresent,no,no,no,good,no,no,1
48.0,80.0,87.0,31.7,0.74,137.0,3.7,10.3,35.0,7771.0,4.7,1.02,0.0,0.0,normal,normal,notpresent,notpresent,no,no,no,good,no,no,1
59.0,80.0,81.0,31.1,1.22,138.0,4.4,12.1,30.0,8689.0,4.8,1.02,0.0,0.0,normal,normal,notpresent,notpresent,no,no,no,good,no,no,1
73.0,80.0,97.0,19.0,0.81,137.0,3.3,14.4,46.0,9757.0,5.6,1.02,0.0,0.0,normal,normal,notpresent,notpresent,no,no,no,good,no,no,0
80.0,70.0,112.0,23.8,2.05,138.0,4.2,13.4,39.0,8006.0,4.7,1.02,0.0,0.0,normal,normal,notpresent,notpresent,no,no,no,good,no,no,1
56.0,80.0,91.0,24.5,1.44,155.0,3.5,15.3,48.0,5409.0,6.5,1.025,0.0,0.0,normal,normal,notpresent,notpresent,no,no,no,good,no,no,0
51.0,80.0,125.0,44.4,0.59,138.0,3.7,10.7,46.0,7058.0,4.7,1.02,0.0,0.0,normal,normal,notpresent,notpresent,no,no,no,good,no,no,0
52.0,70.0,136.0,55.8,1.0,139.0,4.3,12.5,27.0,8240.0,4.7,1.015,0.0,0.0,normal,normal,notpresent,notpresent,no,no,no,good,no,no,1
44.0,80.0,97.0,25.3,0.44,139.0,4.1,9.6,24.0,6665.0,4.8,1.01,0.0,0.0,normal,normal,notpresent,notpresent,no,no,no,good,no,no,1
71.0,70.0,135.0,47.9,1.1,137.0,3.7,9.6,39.0,9851.0,4.8,1.02,0.0,0.0,normal,normal,notpresent,notpresent,no,no,no,good,no,no,0
69.0,80.0,125.0,37.5,0.46,137.0,4.0,11.5,32.0,4866.0,4.6,1.02,0.0,0.0,normal,normal,notpresent,notpresent,no,no,no,good,no,no,1
83.0,70.0,129.0,21.8,1.2,138.0,4.4,12.6,33.0,7985.0,4.5,1.02,0.0,0.0,normal,normal,notpresent,notpresent,yes,no,no,good,no,no,1
88.0,70.0,76.0,35.5,1.58,137.0,4.3,13.5,32.0,10865.0,4.7,1.01,0.0,0.0,normal,normal,notpresent,notpresent,no,yes,no,good,no,no,1
55.0,80.0,122.0,28.3,1.02,138.0,3.7,14.2,53.0,6390.0,6.0,1.02,0.0,0.0,normal,normal,notpresent,notpresent,no,no,no,good,no,no,0
50.0,80.0,102.0,15.9,1.65,139.0,3.2,10.7,42.0,6646.0,4.9,1.02,0.0,0.0,normal,normal,notpresent,notpresent,no,no,no,good,no,no,1
53.0,80.0,77.0,38.4,0.4,138.0,4.3,14.0,47.0,6477.0,5.5,1.02,0.0,0.0,normal,normal,notpresent,notpresent,no,no,no,good,no,no,0
59.0,80.0,107.0,14.2,0.52,138.0,3.3,15.9,41.0,7740.0,5.2,1.02,0.0,0.0,normal,normal,notpresent,notpresent,no,no,no,good,no,no,0
56.0,80.0,121.0,36.3,2.73,138.0,3.5,9.8,32.0,7906.0,4.4,1.02,0.0,0.0,normal,normal,notpresent,notpresent,yes,yes,no,good,no,no,1
51.0,80.0,103.0,55.6,0.6,139.0,4.1,11.4,30.0,5824.0,4.6,1.02,0.0,0.0,normal,normal,notpresent,notpresent,no,no,no,good,no,no,1
69.0,80.0,121.0,34.5,1.13,136.0,4.4,13.6,28.0,8618.0,4.7,1.01,0.0,0.0,normal,normal,notpresent,notpresent,no,no,no,good,no,no,1
75.0,70.0,107.0,35.3,1.73,136.0,3.9,11.9,40.0,9829.0,4.6,1.02,0.0,0.0,normal,normal,notpresent,notpresent,no,no,no,good,no,no,1
72.0,80.0,129.0,31.5,1.66,138.0,3.9,11.0,35.0,10116.0,4.8,1.02,0.0,0.0,normal,normal,notpresent,notpresent,yes,yes,no,good,no,no,1
73.0,70.0,142.0,56.8,1.51,137.0,4.4,12.7,32.0,9983.0,4.8,1.01,0.0,0.0,normal,normal,notpresent,notpresent,no,no,no,good,no,no,1
64.0,80.0,105.0,23.8,1.78,137.0,4.4,10.4,40.0,7058.0,4.7,1.01,0.0,0.0,normal,normal,notpresent,notpresent,no,no,no,good,no,no,1
75.0,80.0,108.0,32.5,1.19,136.0,4.9,11.0,38.0,9258.0,4.0,1.02,0.0,0.0,normal,normal,notpresent,notpresent,yes,yes,no,good,no,no,1
54.0,80.0,104.0,22.6,0.64,137.0,3.7,8.6,40.0,7923.0,4.5,1.02,0.0,0.0,normal,normal,notpresent,notpresent,no,no,no,good,no,no,0
66.0,70.0,116.0,28.4,1.51,141.0,4.3,9.2,40.0,8232.0,4.7,1.02,0.0,0.0,normal,normal,notpresent,notpresent,no,no,no,good,no,no,1
59.0,70.0,172.0,40.6,2.45,139.0,4.4,10.6,40.0,7763.0,4.6,1.02,0.0,0.0,normal,normal,notpresent,notpresent,yes,yes,no,good,no,no,1
2.0,80.0,95.0,46.3,1.21,140.0,3.7,15.7,40.0,7254.0,4.5,1.02,0.0,0.0,normal,normal,notpresent,notpresent,no,no,no,good,no,no,0
57.0,80.0,148.0,19.7,0.4,138.0,3.9,13.1,40.0,7332.0,4.7,1.02,0.0,0.0,normal,normal,notpresent,notpresent,no,no,no,good,no,no,0
54.0,80.0,141.0,22.1,1.34,137.0,3.2,9.7,26.0,4497.0,3.9,1.02,0.0,0.0,normal,normal,notpresent,notpresent,yes,yes,no,good,no,no,1
60.0,80.0,61.0,35.3,1.45,138.0,3.8,11.0,25.0,6535.0,4.2,1.02,0.0,0.0,normal,normal,notpresent,notpresent,yes,yes,no,good,no,no,1
63.0,70.0,90.0,33.3,1.75,138.0,4.4,9.7,29.0,8271.0,4.8,1.015,0.0,0.0,normal,normal,notpresent,notpresent,no,no,no,good,no,no,1
41.0,70.0,111.0,41.1,0.63,139.0,4.4,11.4,41.0,7594.0,4.7,1.01,0.0,0.0,normal,normal,notpresent,notpresent,no,no,no,good,no,no,1
71.0,80.0,125.0,61.2,0.84,141.0,4.2,10.6,36.0,11943.0,4.8,1.01,2.0,0.0,normal,normal,notpresent,notpresent,yes,yes,no,good,no,no,1
55.0,80.0,117.0,43.7,0.84,138.0,4.3,11.4,23.0,5917.0,4.7,1.01,2.0,0.0,normal,normal,notpresent,notpresent,yes,yes,no,good,no,no,1
54.0,80.0,106.0,33.0,0.9,137.0,4.0,14.1,50.0,7749.0,6.0,1.02,0.0,0.0,normal,normal,notpresent,notpresent,no,no,no,good,no,no,0
52.0,70.0,111.0,37.2,1.91,140.0,4.3,8.8,35.0,6470.0,4.5,1.01,0.0,0.0,normal,normal,notpresent,notpresent,no,no,no,good,no,no,1
62.0,70.0,127.0,37.8,1.77,138.0,4.2,9.8,28.0,9275.0,4.6,1.02,0.0,0.0,normal,normal,notpresent,notpresent,no,no,no,good,no,no,1
55.0,70.0,103.0,26.8,0.97,139.0,3.1,10.8,40.0,8350.0,4.8,1.02,0.0,0.0,normal,normal,notpresent,notpresent,no,no,no,good,no,no,1
84.0,70.0,121.0,35.9,0.82,140.0,4.4,11.7,40.0,8467.0,4.6,1.02,0.0,0.0,normal,normal,notpresent,notpresent,yes,yes,no,good,no,no,1
75.0,80.0,112.0,38.5,0.43,139.0,3.3,15.6,48.0,9556.0,4.8,1.02,0.0,0.0,normal,normal,notpresent,notpresent,no,no,no,good,no,no,0
67.0,80.0,121.0,25.7,0.4,149.0,3.2,17.7,46.0,6578.0,5.6,1.02,0.0,0.0,normal,normal,notpresent,notpresent,no,no,no,good,no,no,0
71.0,80.0,119.0,28.9,0.82,137.0,4.1,12.1,39.0,7206.0,4.6,1.02,0.0,0.0,normal,normal,notpresent,notpresent,no,no,no,good,no,no,0
40.0,80.0,118.0,32.7,0.78,136.0,5.0,13.9,33.0,7281.0,5.3,1.02,0.0,0.0,normal,normal,notpresent,notpresent,no,no,no,good,no,no,0
90.0,70.0,100.0,46.1,0.93,136.0,4.3,13.7,42.0,9674.0,4.8,1.02,0.0,0.0,normal,normal,notpresent,notpresent,no,no,no,good,no,no,1
70.0,80.0,139.0,45.6,0.65,139.0,4.0,10.5,45.0,5352.0,4.8,1.02,0.0,0.0,normal,normal,notpresent,notpresent,no,no,no,good,no,no,0
58.0,70.0,129.0,41.9,1.1,136.0,4.3,12.9,42.0,7746.0,4.7,1.02,0.0,0.0,normal,normal,notpresent,notpresent,no,no,no,good,no,no,1
57.0,70.0,110.0,50.0,1.42,137.0,4.3,10.7,39.0,11984.0,3.5,1.01,2.0,0.0,normal,normal,notpresent,notpresent,yes,yes,no,good,no,no,1
64.0,70.0,139.0,32.3,1.03,138.0,4.4,12.1,38.0,8306.0,4.7,1.01,0.0,0.0,normal,normal,notpresent,notpresent,no,no,no,good,no,no,1
60.0,80.0,113.0,45.1,0.4,140.0,4.0,10.9,39.0,7209.0,4.8,1.02,0.0,0.0,normal,normal,notpresent,notpresent,no,no,no,good,no,no,1
64.0,70.0,106.0,50.8,1.53,138.0,4.3,12.6,38.0,8375.0,4.7,1.02,0.0,0.0,normal,normal,notpresent,notpresent,no,no,no,good,no,no,1
75.0,70.0,121.0,7.9,1.61,140.0,3.7,13.7,39.0,9658.0,4.7,1.02,0.0,0.0,normal,normal,notpresent,notpresent,no,no,no,good,no,no,1
56.0,80.0,94.0,55.0,0.47,135.0,4.7,16.8,48.0,5208.0,5.9,1.02,0.0,0.0,normal,normal,notpresent,notpresent,no,no,no,good,no,no,0
73.0,70.0,98.0,43.9,2.11,136.0,4.2,13.8,35.0,8199.0,4.7,1.02,0.0,0.0,normal,normal,notpresent,notpresent,no,no,no,good,no,no,1
64.0,80.0,133.0,46.0,0.55,139.0,3.7,13.8,41.0,7552.0,4.6,1.02,0.0,0.0,normal,normal,notpresent,notpresent,no,no,no,good,no,no,1
65.0,70.0,106.0,18.8,0.4,140.0,4.3,14.1,41.0,8059.0,4.6,1.02,0.0,0.0,normal,normal,notpresent,notpresent,no,no,no,good,no,no,1
60.0,80.0,93.0,17.2,1.67,138.0,3.3,12.7,42.0,7442.0,4.7,1.02,0.0,0.0,normal,normal,notpresent,notpresent,no,no,no,good,no,no,0
44.0,80.0,104.0,31.0,0.85,138.0,4.0,16.4,52.0,7642.0,5.6,1.02,0.0,0.0,normal,normal,notpresent,notpresent,no,no,no,good,no,no,0
59.0,80.0,109.0,27.8,1.31,138.0,3.6,12.3,35.0,8352.0,4.5,1.02,0.0,0.0,normal,normal,notpresent,notpresent,yes,no,no,good,no,no,1
58.0,70.0,98.0,20.0,1.27,137.0,4.2,10.2,42.0,8613.0,4.7,1.02,0.0,0.0,normal,normal,notpresent,notpresent,no,no,no,good,no,no,1
78.0,80.0,135.0,35.9,1.74,137.0,4.3,9.5,24.0,4709.0,4.8,1.015,0.0,0.0,normal,normal,notpresent,notpresent,yes,yes,no,good,no,no,1
47.0,80.0,83.0,21.0,1.66,139.0,4.4,13.1,35.0,6853.0,4.8,1.02,0.0,0.0,normal,normal,notpresent,notpresent,no,no,no,good,no,no,1
67.0,70.0,96.0,13.0,1.2,137.0,4.4,14.4,42.0,8573.0,4.7,1.02,0.0,0.0,normal,normal,notpresent,notpresent,no,no,no,good,no,no,1
63.0,80.0,109.0,18.1,1.03,136.0,3.9,12.7,38.0,7921.0,4.8,1.02,0.0,0.0,normal,normal,notpresent,notpresent,no,no,no,good,no,no,1
61.0,80.0,96.0,13.1,0.87,139.0,4.4,14.2,33.0,8277.0,4.8,1.01,0.0,0.0,normal,normal,notpresent,notpresent,no,no,no,good,no,no,1
62.0,80.0,114.0,23.2,1.02,137.0,3.1,11.5,20.0,8368.0,4.6,1.015,0.0,0.0,normal,normal,notpresent,notpresent,no,no,no,good,no,no,1
34.0,80.0,98.0,34.0,0.84,138.0,4.2,17.2,45.0,7757.0,5.1,1.02,0.0,0.0,normal,normal,notpresent,notpresent,no,no,no,good,no,no,0
68.0,70.0,111.0,46.9,0.51,140.0,4.3,15.3,40.0,7607.0,4.7,1.02,0.0,0.0,normal,normal,notpresent,notpresent,no,no,no,good,no,no,1
48.0,70.0,102.0,26.1,1.61,139.0,4.3,7.4,21.0,7774.0,4.9,1.01,0.0,0.0,normal,normal,notpresent,notpresent,no,no,no,good,no,no,1
57.0,80.0,108.0,38.0,1.36,136.0,3.6,16.3,35.0,6368.0,4.7,1.02,0.0,0.0,normal,normal,notpresent,notpresent,no,no,no,good,no,no,1
71.0,70.0,148.0,14.3,0.84,139.0,4.3,12.2,31.0,7759.0,4.7,1.02,0.0,0.0,normal,normal,notpresent,notpresent,no,no,no,good,no,no,1
63.0,70.0,137.0,41.7,1.13,140.0,4.3,14.4,38.0,7827.0,4.8,1.02,0.0,0.0,normal,normal,notpresent,notpresent,no,no,no,good,no,no,1
52.0,70.0,86.0,37.0,1.5,138.0,4.3,9.6,29.0,8311.0,4.6,1.015,0.0,0.0,normal,normal,notpresent,notpresent,no,no,no,good,no,no,1
61.0,80.0,112.0,21.0,0.78,138.0,3.9,13.4,48.0,7204.0,6.0,1.02,0.0,0.0,normal,normal,notpresent,notpresent,no,no,no,good,no,no,0
43.0,80.0,130.0,40.2,1.73,139.0,3.8,12.3,48.0,6581.0,6.2,1.02,0.0,0.0,normal,normal,notpresent,notpresent,no,no,no,good,no,no,0
63.0,70.0,118.0,23.4,1.28,139.0,4.3,13.9,40.0,8496.0,4.8,1.02,0.0,0.0,normal,normal,notpresent,notpresent,no,no,no,good,no,no,1
68.0,70.0,159.0,40.8,2.06,137.0,4.3,6.6,26.0,8152.0,4.8,1.02,0.0,0.0,normal,normal,notpresent,notpresent,yes,yes,no,good,no,no,1
43.0,80.0,124.0,30.6,0.63,141.0,4.3,11.6,42.0,9549.0,4.7,1.02,0.0,0.0,normal,normal,notpresent,notpresent,no,no,no,good,no,no,0
69.0,80.0,84.0,35.5,1.27,138.0,4.3,9.9,28.0,8067.0,4.8,1.01,0.0,0.0,normal,normal,notpresent,notpresent,no,no,no,good,no,no,1
53.0,80.0,101.0,38.7,0.79,140.0,3.4,12.0,40.0,7063.0,4.7,1.02,0.0,0.0,normal,normal,notpresent,notpresent,no,no,no,good,no,no,1
68.0,80.0,120.0,26.4,0.95,138.0,4.5,12.5,31.0,9025.0,4.8,1.02,0.0,0.0,normal,normal,notpresent,notpresent,no,no,no,good,no,no,1
51.0,80.0,96.0,26.8,0.4,137.0,3.6,10.5,35.0,6731.0,4.7,1.02,0.0,0.0,normal,normal,notpresent,notpresent,no,no,no,good,no,no,0
67.0,70.0,119.0,40.9,1.51,140.0,4.2,13.5,30.0,6505.0,4.8,1.02,0.0,0.0,normal,normal,notpresent,notpresent,no,no,no,good,no,no,1
49.0,70.0,98.0,12.9,1.74,138.0,4.4,9.8,35.0,7828.0,4.8,1.015,0.0,0.0,normal,normal,notpresent,notpresent,no,no,no,good,no,no,1
82.0,70.0,98.0,25.9,1.49,138.0,4.1,10.1,32.0,7727.0,4.7,1.02,0.0,0.0,normal,normal,notpresent,notpresent,yes,no,no,good,no,no,1
53.0,80.0,131.0,49.6,0.5,137.0,4.2,11.2,34.0,5423.0,4.7,1.01,0.0,0.0,normal,normal,notpresent,notpresent,no,no,no,good,no,no,1
46.0,70.0,114.0,30.8,2.06,136.0,4.2,10.9,43.0,8280.0,4.5,1.02,0.0,0.0,normal,normal,notpresent,notpresent,no,no,no,good,no,no,1
65.0,70.0,126.0,22.9,1.87,138.0,4.2,10.0,25.0,7894.0,4.7,1.015,0.0,0.0,normal,normal,notpresent,notpresent,no,yes,no,good,no,no,1
61.0,80.0,120.0,38.3,2.12,140.0,4.2,10.4,41.0,7702.0,4.7,1.015,0.0,0.0,normal,normal,notpresent,notpresent,no,no,no,good,no,no,1
44.0,80.0,118.0,48.9,2.08,136.0,3.5,12.5,41.0,5164.0,4.7,1.02,0.0,0.0,normal,normal,notpresent,notpresent,no,no,no,good,no,no,0
50.0,80.0,123.0,33.6,1.09,135.0,4.3,14.9,41.0,7635.0,4.8,1.02,0.0,0.0,normal,normal,notpresent,notpresent,no,no,no,good,no,no,0
61.0,80.0,84.0,35.6,1.41,136.0,4.1,8.6,20.0,8284.0,4.5,1.015,0.0,0.0,normal,normal,notpresent,notpresent,yes,yes,no,good,no,no,1
62.0,80.0,126.0,31.8,0.65,136.0,2.7,9.8,33.0,9527.0,4.7,1.02,0.0,0.0,normal,normal,notpresent,notpresent,yes,no,no,good,no,no,1
55.0,70.0,113.0,15.4,1.11,140.0,4.3,13.0,42.0,8060.0,4.7,1.015,0.0,0.0,normal,normal,notpresent,notpresent,no,no,no,good,no,no,1
67.0,70.0,127.0,51.9,1.63,137.0,4.3,9.9,40.0,8063.0,4.6,1.01,0.0,0.0,normal,normal,notpresent,notpresent,no,no,no,good,no,no,1
55.0,80.0,78.0,28.1,1.07,137.0,3.6,11.0,51.0,6377.0,6.5,1.02,0.0,0.0,normal,normal,notpresent,notpresent,no,no,no,good,no,no,0
68.0,80.0,124.0,47.3,0.4,139.0,3.7,13.7,48.0,6308.0,6.0,1.02,0.0,0.0,normal,normal,notpresent,notpresent,no,no,no,good,no,no,0
68.0,80.0,107.0,40.2,1.18,137.0,4.3,12.1,42.0,8424.0,4.7,1.02,0.0,0.0,normal,normal,notpresent,notpresent,no,no,no,good,no,no,1
71.0,80.0,73.0,38.7,1.63,136.0,3.7,9.2,39.0,7021.0,4.8,1.02,0.0,0.0,normal,normal,notpresent,notpresent,no,no,no,good,no,no,1
49.0,80.0,118.0,50.1,0.74,140.0,3.8,11.5,32.0,7488.0,4.7,1.02,0.0,0.0,normal,normal,notpresent,notpresent,no,no,no,good,no,no,1
60.0,80.0,90.0,55.0,2.03,138.0,3.8,8.8,30.0,6817.0,3.9,1.01,0.0,0.0,normal,normal,notpresent,notpresent,yes,yes,no,good,no,no,1
82.0,70.0,103.0,12.7,1.17,140.0,4.3,17.2,41.0,8192.0,4.7,1.02,0.0,0.0,normal,normal,notpresent,notpresent,no,no,no,good,no,no,1
59.0,70.0,114.0,39.5,1.2,136.0,4.2,11.6,40.0,8114.0,4.9,1.01,0.0,0.0,normal,normal,notpresent,notpresent,no,no,no,good,no,no,1
34.0,80.0,93.0,25.5,1.01,141.0,4.0,15.5,48.0,7481.0,6.3,1.02,0.0,0.0,normal,normal,notpresent,notpresent,no,no,no,good,no,no,0
65.0,70.0,120.0,33.1,1.23,137.0,4.3,12.8,30.0,6852.0,4.8,1.01,0.0,0.0,normal,normal,notpresent,notpresent,no,no,no,good,no,no,1
52.0,70.0,118.0,41.2,0.9,136.0,4.1,11.8,34.0,8574.0,4.7,1.01,0.0,0.0,normal,normal,notpresent,notpresent,no,no,no,good,no,no,1
58.0,80.0,100.0,28.2,1.56,139.0,3.5,14.1,49.0,6444.0,4.7,1.02,0.0,0.0,normal,normal,notpresent,notpresent,no,no,no,good,no,no,1
57.0,80.0,99.0,46.0,1.33,138.0,3.6,11.3,38.0,8392.0,4.6,1.02,0.0,0.0,normal,normal,notpresent,notpresent,no,no,no,good,no,no,1
58.0,80.0,117.0,20.7,0.77,140.0,3.5,11.7,52.0,6406.0,5.9,1.02,0.0,0.0,normal,normal,notpresent,notpresent,no,no,no,good,no,no,0
57.0,80.0,97.0,28.3,0.47,140.0,3.6,11.0,44.0,6347.0,5.2,1.02,0.0,0.0,normal,normal,notpresent,notpresent,no,no,no,good,no,no,0
54.0,80.0,74.0,40.9,1.54,140.0,3.7,10.5,48.0,7322.0,4.7,1.02,0.0,0.0,normal,normal,notpresent,notpresent,no,no,no,good,no,no,0
67.0,80.0,119.0,17.0,1.14,138.0,4.4,7.9,33.0,9396.0,4.6,1.02,0.0,0.0,normal,normal,notpresent,notpresent,yes,yes,no,good,no,no,1
82.0,80.0,111.0,34.2,1.38,142.0,3.8,9.8,35.0,5486.0,4.7,1.02,0.0,0.0,normal,normal,notpresent,notpresent,no,no,no,good,no,no,0
59.0,80.0,115.0,29.7,1.68,139.0,4.8,13.6,47.0,7455.0,4.8,1.02,0.0,0.0,normal,normal,notpresent,notpresent,no,no,no,good,no,no,0
66.0,80.0,95.0,31.2,1.52,137.0,3.9,8.7,28.0,7494.0,4.6,1.02,0.0,0.0,normal,normal,notpresent,notpresent,no,no,no,good,no,no,1
52.0,80.0,131.0,40.0,1.12,140.0,4.3,10.5,25.0,7053.0,4.8,1.01,0.0,0.0,normal,normal,notpresent,notpresent,no,no,no,good,no,no,1
61.0,80.0,117.0,41.5,0.87,140.0,4.4,10.4,35.0,7298.0,4.9,1.02,0.0,0.0,normal,normal,notpresent,notpresent,no,no,no,good,no,no,1
55.0,80.0,125.0,15.9,0.4,136.0,3.4,12.7,47.0,9170.0,6.1,1.02,0.0,0.0,normal,normal,notpresent,notpresent,no,no,no,good,no,no,0
49.0,80.0,123.0,34.5,0.4,140.0,4.4,12.6,45.0,6600.0,4.6,1.02,0.0,0.0,normal,normal,notpresent,notpresent,no,no,no,good,no,no,0
76.0,70.0,133.0,38.7,0.72,136.0,4.2,10.5,41.0,10498.0,4.6,1.02,0.0,0.0,normal,normal,notpresent,notpresent,no,no,no,good,no,no,1
70.0,80.0,96.0,18.1,0.75,137.0,4.4,11.9,34.0,9738.0,4.9,1.02,0.0,0.0,normal,normal,notpresent,notpresent,no,no,no,good,no,no,0
38.0,80.0,131.0,18.2,0.43,146.0,3.9,16.9,47.0,5106.0,5.2,1.025,0.0,0.0,normal,normal,notpresent,notpresent,no,no,no,good,no,no,0
62.0,70.0,117.0,42.9,1.8,139.0,4.0,13.3,42.0,7780.0,4.7,1.02,0.0,0.0,normal,normal,notpresent,notpresent,no,no,no,good,no,no,1
66.0,70.0,111.0,22.9,1.41,136.0,4.2,14.0,37.0,9836.0,4.7,1.01,1.0,0.0,normal,normal,notpresent,notpresent,yes,yes,no,good,no,no,1
63.0,80.0,119.0,13.7,1.21,140.0,3.5,11.3,41.0,5755.0,4.7,1.02,0.0,0.0,normal,normal,notpresent,notpresent,no,no,no,good,no,no,0
40.0,80.0,104.0,30.1,0.4,138.0,4.3,8.6,24.0,7861.0,4.7,1.01,0.0,0.0,normal,normal,notpresent,notpresent,no,no,no,good,no,no,1
61.0,70.0,89.0,24.4,1.08,138.0,3.8,11.2,41.0,6455.0,4.8,1.02,0.0,0.0,normal,normal,notpresent,notpresent,no,no,no,good,no,no,1
73.0,70.0,126.0,27.6,1.28,137.0,4.2,13.7,41.0,8107.0,4.6,1.02,0.0,0.0,normal,normal,notpresent,notpresent,no,no,no,good,no,no,1
72.0,80.0,104.0,10.5,0.88,138.0,4.4,14.0,40.0,7693.0,4.9,1.02,0.0,0.0,normal,normal,notpresent,notpresent,no,no,no,good,no,no,1
58.0,80.0,127.0,43.5,0.4,136.0,4.2,15.0,51.0,4979.0,6.1,1.02,0.0,0.0,normal,normal,notpresent,notpresent,no,no,no,good,no,no,0
56.0,70.0,135.0,29.1,0.9,140.0,4.3,12.3,45.0,9589.0,4.7,1.02,0.0,0.0,normal,normal,notpresent,notpresent,no,no,no,good,no,no,1
71.0,70.0,99.0,26.1,1.29,140.0,4.3,13.4,42.0,8484.0,4.4,1.015,0.0,0.0,normal,normal,notpresent,notpresent,no,no,no,good,no,no,1
60.0,70.0,120.0,22.5,0.4,138.0,4.3,14.1,31.0,7617.0,4.7,1.01,0.0,0.0,normal,normal,notpresent,notpresent,no,no,no,good,no,no,1
51.0,70.0,109.0,31.1,1.96,137.0,4.3,11.6,40.0,7887.0,4.7,1.015,0.0,0.0,normal,normal,notpresent,notpresent,yes,yes,no,good,no,no,1
62.0,80.0,128.0,27.7,0.4,139.0,4.2,13.7,46.0,5060.0,5.5,1.02,0.0,0.0,normal,normal,notpresent,notpresent,no,no,no,good,no,no,0
74.0,80.0,94.0,30.6,1.2,139.0,3.3,12.9,49.0,8197.0,4.6,1.02,0.0,0.0,normal,normal,notpresent,notpresent,no,no,no,good,no,no,0
66.0,70.0,121.0,45.9,2.01,137.0,4.3,12.4,38.0,10061.0,4.7,1.015,0.0,0.0,normal,normal,notpresent,notpresent,yes,yes,no,good,no,no,1
62.0,70.0,140.0,28.5,0.98,138.0,3.6,12.2,40.0,8241.0,4.6,1.02,0.0,0.0,normal,normal,notpresent,notpresent,no,no,no,good,no,no,1
51.0,80.0,105.0,47.1,1.68,138.0,3.2,9.9,30.0,8369.0,4.6,1.02,0.0,0.0,normal,normal,notpresent,notpresent,no,no,no,good,no,no,1
57.0,80.0,122.0,58.2,0.71,138.0,4.3,10.2,37.0,5337.0,4.8,1.01,0.0,0.0,normal,normal,notpresent,notpresent,no,no,no,good,no,no,1
57.0,80.0,119.0,32.6,0.85,139.0,4.3,10.7,28.0,7153.0,4.8,1.015,0.0,0.0,normal,normal,notpresent,notpresent,no,no,no,good,no,no,1
77.0,80.0,83.0,15.6,0.63,139.0,4.7,14.8,40.0,10390.0,4.8,1.02,0.0,0.0,normal,normal,notpresent,notpresent,no,no,no,good,no,no,0
69.0,70.0,138.0,61.9,1.27,138.0,4.3,9.7,41.0,8649.0,4.9,1.02,0.0,0.0,normal,normal,notpresent,notpresent,no,no,no,good,no,no,1
53.0,80.0,120.0,29.8,1.55,138.0,4.3,8.1,20.0,7700.0,4.8,1.01,0.0,0.0,normal,normal,notpresent,notpresent,no,no,no,good,no,no,1
57.0,80.0,120.0,11.4,2.46,139.0,4.2,11.5,40.0,7992.0,4.8,1.02,0.0,0.0,normal,normal,notpresent,notpresent,no,no,no,good,no,no,0
77.0,80.0,114.0,31.6,1.66,135.0,4.3,8.5,28.0,8454.0,4.9,1.02,0.0,0.0,normal,normal,notpresent,notpresent,yes,yes,no,good,no,no,1
50.0,80.0,116.0,22.5,0.49,138.0,3.5,11.8,30.0,4275.0,4.7,1.02,0.0,0.0,normal,normal,notpresent,notpresent,no,no,no,good,no,no,1
51.0,80.0,120.0,28.9,1.85,140.0,3.7,8.5,45.0,6983.0,4.7,1.02,0.0,0.0,normal,normal,notpresent,notpresent,no,no,no,good,no,no,0
52.0,80.0,95.0,34.2,2.26,139.0,4.0,10.1,29.0,6402.0,4.7,1.01,0.0,0.0,normal,normal,notpresent,notpresent,no,no,no,good,no,no,1
73.0,70.0,96.0,18.3,1.45,136.0,4.2,9.2,35.0,12036.0,4.6,1.01,2.0,0.0,normal,normal,notpresent,notpresent,yes,yes,no,good,no,no,1
44.0,80.0,119.0,26.2,1.5,138.0,3.7,12.4,41.0,8527.0,5.3,1.02,0.0,0.0,normal,normal,notpresent,notpresent,no,no,no,good,no,no,0
57.0,80.0,130.0,34.5,1.08,139.0,4.1,13.8,35.0,5233.0,4.6,1.02,0.0,0.0,normal,normal,notpresent,notpresent,no,no,no,good,no,no,0
53.0,80.0,133.0,34.6,0.4,139.0,3.7,9.9,29.0,6201.0,4.7,1.02,0.0,0.0,normal,normal,notpresent,notpresent,no,no,no,good,no,no,1
76.0,70.0,96.0,43.8,0.79,137.0,4.3,13.2,43.0,8148.0,4.7,1.02,0.0,0.0,normal,normal,notpresent,notpresent,yes,yes,no,good,no,no,1
49.0,80.0,138.0,29.0,0.9,140.0,3.5,14.2,51.0,7298.0,5.9,1.02,0.0,0.0,normal,normal,notpresent,notpresent,no,no,no,good,no,no,0
53.0,80.0,118.0,30.1,1.03,143.0,4.8,12.6,45.0,7046.0,5.5,1.02,0.0,0.0,normal,normal,notpresent,notpresent,no,no,no,good,no,no,0
71.0,70.0,131.0,49.3,2.09,136.0,4.4,10.9,33.0,8027.0,4.6,1.015,0.0,0.0,normal,normal,notpresent,notpresent,yes,yes,no,good,no,no,1
52.0,70.0,112.0,46.5,1.72,138.0,4.3,11.5,25.0,7488.0,4.6,1.02,0.0,0.0,normal,normal,notpresent,notpresent,no,no,no,good,no,no,1
54.0,80.0,97.0,37.8,0.59,146.0,3.4,13.1,49.0,6642.0,5.1,1.02,0.0,0.0,normal,normal,notpresent,notpresent,no,no,no,good,no,no,0
59.0,70.0,133.0,29.5,0.4,136.0,4.3,12.6,34.0,10861.0,4.9,1.02,0.0,0.0,normal,normal,notpresent,notpresent,no,no,no,good,no,no,1
55.0,70.0,107.0,26.8,1.02,137.0,4.4,10.8,33.0,7654.0,4.7,1.02,0.0,0.0,normal,normal,notpresent,notpresent,yes,yes,no,good,no,no,1
56.0,80.0,91.0,29.5,0.44,139.0,3.7,14.7,49.0,4856.0,4.9,1.02,0.0,0.0,normal,normal,notpresent,notpresent,no,no,no,good,no,no,0
55.0,80.0,106.0,46.6,0.69,137.0,4.4,13.7,37.0,7720.0,4.8,1.02,0.0,0.0,normal,normal,notpresent,notpresent,no,no,no,good,no,no,1
69.0,70.0,129.0,40.3,1.58,138.0,4.3,11.2,39.0,7906.0,4.8,1.015,0.0,0.0,normal,normal,notpresent,notpresent,yes,yes,no,good,no,no,1
68.0,80.0,88.0,36.2,1.83,135.0,4.0,9.9,33.0,8058.0,4.6,1.02,0.0,0.0,normal,normal,notpresent,notpresent,no,no,no,good,no,no,1
64.0,80.0,140.0,19.5,0.9,130.0,4.2,11.0,36.0,11243.0,4.7,1.01,1.0,0.0,normal,normal,notpresent,notpresent,yes,yes,no,good,no,no,1
70.0,80.0,148.0,6.4,0.84,140.0,4.0,12.4,40.0,8015.0,4.6,1.02,0.0,0.0,normal,normal,notpresent,notpresent,no,no,no,good,no,no,1
47.0,70.0,135.0,45.4,0.41,137.0,4.4,14.9,41.0,7934.0,4.7,1.02,0.0,0.0,normal,normal,notpresent,notpresent,no,no,no,good,no,no,1
58.0,80.0,104.0,16.6,0.4,137.0,4.3,13.3,42.0,8038.0,4.8,1.02,0.0,0.0,normal,normal,notpresent,notpresent,no,no,no,good,no,no,1
72.0,70.0,129.0,30.3,1.05,138.0,4.5,10.3,33.0,9700.0,4.6,1.02,0.0,0.0,normal,normal,notpresent,notpresent,yes,yes,no,good,no,no,1
56.0,80.0,115.0,22.0,1.51,138.0,3.4,10.5,53.0,7439.0,5.7,1.02,0.0,0.0,normal,normal,notpresent,notpresent,no,no,no,good,no,no,0
34.0,80.0,99.0,41.4,0.4,140.0,3.3,12.2,49.0,5069.0,6.2,1.02,0.0,0.0,normal,normal,notpresent,notpresent,no,no,no,good,no,no,0
75.0,80.0,137.0,45.4,0.73,138.0,4.8,13.1,41.0,10571.0,4.7,1.02,0.0,0.0,normal,normal,notpresent,notpresent,no,no,no,good,no,no,0
39.0,80.0,115.0,29.3,1.75,139.0,4.3,14.1,36.0,5046.0,4.6,1.01,0.0,0.0,normal,normal,notpresent,notpresent,no,no,no,good,no,no,1
53.0,80.0,106.0,48.7,0.4,137.0,4.3,15.6,35.0,11516.0,4.8,1.01,1.0,0.0,normal,normal,notpresent,notpresent,no,yes,no,good,no,no,1
67.0,80.0,123.0,50.1,0.79,136.0,3.2,12.1,32.0,5382.0,4.7,1.02,0.0,0.0,normal,normal,notpresent,notpresent,yes,no,no,good,no,no,1
52.0,70.0,114.0,36.2,0.96,139.0,4.3,9.9,28.0,11147.0,4.8,1.01,2.0,0.0,normal,normal,notpresent,notpresent,yes,yes,no,good,no,no,1
57.0,80.0,113.0,54.1,0.67,138.0,4.4,10.6,31.0,7247.0,4.8,1.01,0.0,0.0,normal,normal,notpresent,notpresent,no,no,no,good,no,no,1
58.0,70.0,121.0,36.0,1.64,137.0,3.6,7.2,41.0,7770.0,4.7,1.02,0.0,0.0,normal,normal,notpresent,notpresent,no,no,no,good,no,no,1
57.0,80.0,144.0,26.0,1.99,139.0,4.4,13.6,38.0,7847.0,4.6,1.02,0.0,0.0,normal,normal,notpresent,notpresent,no,no,no,good,no,no,1
59.0,70.0,121.0,28.8,1.95,137.0,4.3,10.8,20.0,8849.0,4.7,1.015,0.0,0.0,normal,normal,notpresent,notpresent,yes,yes,no,good,no,no,1
62.0,80.0,116.0,38.4,1.25,138.0,4.3,13.5,36.0,4497.0,4.6,1.02,0.0,0.0,normal,normal,notpresent,notpresent,no,no,no,good,no,no,1
64.0,80.0,141.0,42.7,1.07,137.0,4.3,12.9,30.0,9968.0,4.9,1.01,0.0,0.0,normal,normal,notpresent,notpresent,no,no,no,good,no,no,1
56.0,80.0,106.0,32.9,0.85,134.0,3.7,9.5,38.0,4677.0,4.7,1.02,0.0,0.0,normal,normal,notpresent,notpresent,no,no,no,good,no,no,1
63.0,80.0,90.0,49.7,1.28,137.0,4.3,12.5,39.0,8172.0,4.8,1.015,0.0,0.0,normal,normal,notpresent,notpresent,no,no,no,good,no,no,1
60.0,70.0,117.0,34.1,1.45,139.0,4.3,13.0,29.0,8141.0,4.6,1.02,0.0,0.0,normal,normal,notpresent,notpresent,no,no,no,good,no,no,1
53.0,70.0,127.0,24.8,0.69,139.0,3.9,9.6,40.0,7746.0,4.6,1.02,0.0,0.0,normal,normal,notpresent,notpresent,no,no,no,good,no,no,1
59.0,70.0,66.0,32.1,0.77,137.0,4.2,12.3,40.0,8149.0,4.8,1.02,0.0,0.0,normal,normal,notpresent,notpresent,no,no,no,good,no,no,1
82.0,70.0,140.0,44.1,0.62,140.0,3.5,9.9,41.0,8279.0,4.7,1.02,0.0,0.0,normal,normal,notpresent,notpresent,no,no,no,good,no,no,1
58.0,80.0,146.0,31.0,1.49,137.0,4.2,13.2,27.0,8409.0,4.5,1.01,0.0,0.0,normal,normal,notpresent,notpresent,yes,yes,no,good,no,no,1
52.0,80.0,122.0,31.2,0.64,139.0,4.2,14.0,42.0,8526.0,4.8,1.02,0.0,0.0,normal,normal,notpresent,notpresent,no,no,no,good,no,no,0
74.0,80.0,87.0,43.6,0.42,140.0,4.3,12.5,41.0,8312.0,4.7,1.02,0.0,0.0,normal,normal,notpresent,notpresent,no,no,no,good,no,no,0
73.0,70.0,169.0,48.6,1.98,138.0,3.8,9.4,27.0,10518.0,4.7,1.02,0.0,0.0,normal,normal,notpresent,notpresent,yes,yes,no,good,no,no,1
63.0,80.0,134.0,52.0,0.96,141.0,3.7,14.9,46.0,9217.0,4.7,1.02,0.0,0.0,normal,normal,notpresent,notpresent,no,no,no,good,no,no,0
61.0,80.0,90.0,48.5,0.73,150.0,3.4,12.7,47.0,6293.0,5.8,1.02,0.0,0.0,normal,normal,notpresent,notpresent,no,no,no,good,no,no,0
59.0,80.0,118.0,39.2,0.61,136.0,4.2,14.4,40.0,8901.0,4.7,1.02,0.0,0.0,normal,normal,notpresent,notpresent,no,no,no,good,no,no,0
55.0,80.0,96.0,46.8,1.48,140.0,4.3,8.8,32.0,5642.0,4.8,1.01,0.0,0.0,normal,normal,notpresent,notpresent,no,no,no,good,no,no,1
54.0,80.0,107.0,30.6,0.92,136.0,3.7,14.7,49.0,6716.0,5.8,1.02,0.0,0.0,normal,normal,notpresent,notpresent,no,no,no,good,no,no,0
61.0,70.0,101.0,43.7,1.94,139.0,4.4,7.2,29.0,7580.0,4.7,1.01,0.0,0.0,normal,normal,notpresent,notpresent,no,no,no,good,no,no,1
58.0,80.0,136.0,42.8,0.45,141.0,4.3,9.7,41.0,8084.0,4.5,1.02,0.0,0.0,normal,normal,notpresent,notpresent,no,no,no,good,no,no,1
53.0,80.0,143.0,49.5,1.35,138.0,4.3,11.4,29.0,6715.0,4.7,1.02,0.0,0.0,normal,normal,notpresent,notpresent,no,no,no,good,no,no,1
54.0,70.0,127.0,44.2,1.67,138.0,4.3,6.1,35.0,8841.0,4.8,1.01,2.0,0.0,normal,normal,notpresent,notpresent,yes,yes,no,good,no,no,1
65.0,70.0,131.0,28.5,1.95,138.0,4.4,11.9,28.0,8082.0,4.7,1.015,0.0,0.0,normal,normal,notpresent,notpresent,no,yes,no,good,no,no,1
48.0,80.0,103.0,57.1,1.82,137.0,4.4,9.9,34.0,4927.0,4.6,1.015,0.0,0.0,normal,normal,notpresent,notpresent,yes,yes,no,good,no,no,1
76.0,70.0,120.0,41.7,0.94,136.0,4.2,11.9,40.0,8491.0,4.6,1.02,0.0,0.0,normal,normal,notpresent,notpresent,no,yes,no,good,no,no,1
59.0,80.0,126.0,27.3,0.52,137.0,3.6,12.6,40.0,6886.0,4.8,1.02,0.0,0.0,normal,normal,notpresent,notpresent,no,no,no,good,no,no,0
