Pregnancies,Glucose,BloodPressure,SkinThickness,Insulin,BMI,DiabetesPedigreeFunction,Age,Outcome
0.0,159.2632027480435,105.68429090778483,34.637052321409115,35.73383596957802,25.11125789608772,1.348,44.0,1
12.0,199.0,67.60683248893334,18.669218738207693,69.28313969697562,34.37210112294404,1.836,21.0,0
2.0,125.9248530740428,61.66107930774964,55.087648005136295,10.033311863084673,30.33815024495331,0.935,40.0,0
5.0,134.571734126289,90.89231334611637,14.494547641376275,27.481285928998652,38.74870962506727,2.42,62.0,0
6.0,148.03924725358763,98.6906952113979,35.13795410864032,-13.504079403971303,47.39673537472716,0.637,56.0,1
4.0,70.98513329764977,80.36522546033142,12.008886596795023,110.41543280391703,43.91123839591376,0.234,33.0,0
3.0,89.99150864797826,56.04409269510471,33.06211335125412,27.88466705477248,47.75695070457873,0.452,39.0,1
16.0,199.0,103.33743308818924,31.553956706461527,37.04475504254847,43.37079796526053,0.354,48.0,1
14.0,135.53531571999133,99.61366554613858,46.343442035954105,26.640338340851635,37.90554179465099,1.363,21.0,1
4.0,185.30232779221402,83.85884818197746,41.433132128266905,54.84844610560032,51.99845391208494,0.797,54.0,1
11.0,123.57922627459143,77.51663821188481,21.78092486771032,57.00759353072688,48.14085731474622,0.15,26.0,1
11.0,144.4466664432099,99.68795934574604,24.57236584378638,12.614483711149962,45.17212944965355,0.799,72.0,1
10.0,199.0,63.71070293680853,37.446079669381696,140.52981349971557,42.11789868906058,0.426,66.0,0
12.0,112.42039656432058,66.70408487938519,44.699028354515484,6.540576102506488,43.326104294169944,2.42,46.0,1
1.0,86.4164292165045,101.4060277704175,22.818976166821564,287.3244633986527,46.92497056573126,1.1,44.0,1
15.0,146.1624227354417,80.92529019015619,42.833767202766545,175.59735191851445,34.37780499203968,2.42,39.0,0
5.0,195.68138298358866,63.23943853717213,27.857484793245163,73.99701266373742,33.8860970617286,0.382,21.0,0
13.0,158.84442357938192,64.68056650300193,60.87049819357555,27.852676073996747,45.311120757811096,0.284,21.0,0
7.0,136.3457017099641,74.93369227695607,27.552262150441763,15.242919404910445,48.98898960463612,0.59,53.0,1
1.0,123.2726455493536,78.40366741777316,43.34250551203888,637.1853931954304,36.54672650995563,1.255,37.0,1
13.0,88.84675085636067,100.33308381644505,24.75880568421858,21.16404341990914,50.269033920713866,0.586,57.0,0
0.0,157.73186814457557,49.17063143601017,27.820840043424923,376.40263720603843,34.45279507361663,0.771,34.0,0
7.0,108.30754486597745,99.60039429920789,50.316681303695276,33.312920448561194,50.410941065149416,0.872,53.0,0
6.0,166.6301848894096,62.30030347445716,40.63019701538411,111.95687466107455,47.22669680530992,1.816,38.0,0
1.0,199.0,94.18298440040152,31.123141741274516,111.42627198623885,51.99710721897078,1.538,25.0,0
8.0,178.70152738986062,94.68165524054888,37.203847601664904,326.08792424720605,29.991698815927187,0.319,78.0,1
1.0,145.2726259588804,86.14900295486262,60.75762653527698,51.226779073100815,45.92485412313651,0.764,56.0,1
11.0,121.29691017627206,80.15701912653589,44.48428983579219,-1.671900971638852,46.16066982702457,0.456,64.0,1
1.0,97.38887725724376,87.86833782019002,11.16346029269977,234.80856449278986,39.85364933204295,0.933,79.0,0
6.0,106.93351614764914,79.14713046245753,58.22427678592343,80.29664991346506,30.222155696269247,0.804,30.0,0
7.0,164.51034059370133,56.95641903299546,45.10653416281681,7.569541021245222,44.150554394406875,0.8,64.0,1
11.0,199.0,65.01064941271979,33.595299621806774,122.5723314292818,40.10903570444536,2.42,29.0,1
10.0,142.62934710723988,64.76874932508335,52.82247376416871,42.25848702161579,41.428914182166665,1.023,57.0,0
4.0,50.513338388699076,51.12200231964084,46.01357631780723,202.07896311324131,40.752601607017894,1.489,51.0,0
3.0,164.27875949913212,75.7237779676023,55.13493520476957,8.866264533066513,38.96969036756817,0.452,21.0,0
7.0,103.27219664080697,79.48834803641543,49.08114649380344,44.821139781970224,31.14327121311824,0.284,25.0,1
14.0,108.72299212385185,53.267776774160104,48.04772084460696,48.00106991417289,42.00101833762568,0.413,52.0,0
6.0,171.53249025565424,44.35971557536742,49.803526001825,10.753400682782637,42.52769841809478,2.42,29.0,0
2.0,199.0,62.18007822413554,38.321432966634006,63.4063194221946,55.92427274153509,0.823,31.0,0
4.0,131.02850064666512,78.25212016464123,39.99692590550978,320.51849584566946,54.23856840864258,2.266,36.0,0
14.0,178.35932066465642,67.31828484105485,58.28535756161231,262.410369858692,33.59270773638875,0.121,21.0,1
3.0,126.43214866708175,61.722573435979896,21.90275492316384,29.26257314384619,44.341074923731995,0.387,40.0,0
4.0,92.65651040370093,77.06209673361747,30.424766525372362,4.76360411215504,56.26286910184045,0.482,44.0,0
6.0,150.4555804553082,88.24907598539906,67.87264970124704,28.140871527281206,34.04821175288981,1.872,47.0,1
10.0,157.8427394713605,78.61296268439887,35.794152356902536,-0.4008279980111986,51.78431076751403,0.108,52.0,0
14.0,199.0,84.47490498110318,12.767507453385505,254.16798025315282,31.278131940406066,0.079,23.0,0
11.0,134.79882880318692,59.34496530730657,52.32597612678449,107.37011782293918,21.871286405147224,0.435,29.0,0
3.0,166.83936699124678,58.769277905441115,31.754844178984143,232.36800740787163,29.55429628652642,0.485,24.0,0
5.0,199.0,79.71774184676269,24.96162824655199,34.73595481604429,34.18521978759699,0.212,61.0,1
14.0,129.35974734548046,74.8743804481006,47.133570680338295,70.27861266886201,29.560224772658895,0.284,36.0,1
14.0,159.616732450708,71.87004086184464,41.38203237159346,178.03032459610208,25.274324149425933,0.417,34.0,0
4.0,156.81382981077638,70.62457364783698,48.32097259745928,8.969180536815333,27.998834936635333,0.174,63.0,1
5.0,136.35006184828708,84.7439945537273,14.694381222883088,94.23815121250239,46.32629878787886,0.403,43.0,0
12.0,162.2842442662675,85.50357939650121,46.687210178766044,219.3935965457117,45.20430971084858,2.42,43.0,0
13.0,187.11627585601826,89.69785465732889,35.32104474935277,232.51235248002214,46.87534018610392,0.696,21.0,0
3.0,51.582483394022084,80.18480077856508,45.950180599511,49.16507047159064,25.62602463586795,0.532,48.0,1
4.0,105.74113915876117,62.883005574970056,41.71473271096503,24.142817220447085,35.520709562800775,0.188,21.0,0
3.0,92.15860654657868,65.40663943023155,29.841529446915516,122.99091384297358,49.767245672749965,0.126,28.0,0
7.0,151.061649379868,62.69648664467933,46.67407993339717,262.20611112714687,29.44243401736115,0.3,30.0,0
12.0,171.18614716978487,54.50037306935963,10.818659646410815,215.97883841343256,38.92956372513636,0.347,78.0,0
4.0,181.28103534221015,45.37834811383109,22.78140985238661,63.40007107091601,33.156386187959455,0.079,57.0,1
4.0,129.6785664382709,39.650061661535105,53.62738846334347,72.61099069656687,22.027256844653095,0.204,55.0,1
4.0,192.0645346161896,86.73712609861576,36.97549829253206,43.37293745124184,35.946110038942805,0.364,26.0,0
5.0,199.0,63.024927253529924,28.462971220262688,245.34851591722494,25.771860457972174,0.1,44.0,1
12.0,199.0,99.401383354323,28.42103449149772,41.76315370794521,35.451347283727046,0.199,69.0,1
0.0,172.18358714160848,80.61184470346377,34.17403917193047,31.40062549236083,29.472575794389556,0.833,29.0,1
0.0,108.73880387992648,61.60718688496883,38.463321838400844,38.05762895819791,32.897958586501005,2.084,55.0,0
10.0,116.14673496726749,85.39844902301482,50.43691691453997,113.7698040925151,22.82814094853903,0.266,53.0,0
12.0,151.19257161517223,79.38837497341595,30.386319857719513,-9.024436645201433,54.606474133639765,0.558,46.0,1
12.0,168.62000073661838,95.70525954570431,29.35322512865327,17.96908777016702,46.473838953886116,1.053,50.0,1
14.0,116.95823610120257,41.638637598831856,34.957707520055045,80.52083117587894,41.60107918572445,0.915,47.0,0
10.0,199.0,77.28943904050527,42.980519068638856,-2.8650219529110004,39.27788405340081,0.626,23.0,1
3.0,190.63405763490596,71.41531701320679,28.89296349507734,687.2833990447382,43.39670192495246,0.683,76.0,1
5.0,185.7831899922297,78.40868235000784,37.84278995681031,-12.967630008301821,38.41356749216855,0.734,57.0,1
10.0,163.81012131912507,57.570732168565165,43.18232296442349,60.104066962046005,41.56043346784351,0.121,33.0,1
0.0,194.45654571622345,69.65209200664178,44.254287146694914,257.54289356438346,28.469263438788804,0.186,22.0,0
0.0,83.67338687951596,38.86736061937546,34.13308007208218,145.22343083503097,45.15665501852931,1.026,47.0,0
11.0,184.0974330987387,70.29781244908338,49.61708746963697,205.38603602881105,42.86559433718897,0.773,43.0,1
9.0,120.3787468203071,83.05194801841805,22.00086454691065,64.12278470640247,25.389764815500477,0.645,21.0,0
12.0,174.24989509970922,100.82396827471632,33.51629618684836,35.70479851152609,50.72630101470091,0.519,32.0,1
5.0,133.50161689137948,49.6692982518708,50.80143811287693,25.162900121266077,45.936260142387475,0.368,59.0,1
0.0,96.90072927744271,76.0205353647715,26.409237708985003,77.1206638834948,43.48954286325776,0.718,47.0,1
1.0,90.09045714226502,46.29362745918789,51.865663126227275,48.24262621998963,35.075385578976984,0.32,41.0,0
7.0,179.70490287722305,69.27951058544491,20.8974925407368,163.2848775865053,24.93364233689395,0.474,30.0,1
7.0,167.92465338303074,92.0423597490165,33.70359054530902,35.74225309918631,34.5158574809637,0.161,51.0,1
2.0,85.84033641084406,80.96420812847417,18.161622962856892,41.2765800027296,32.465602968421074,0.803,31.0,1
14.0,199.0,75.2218263694381,39.68410954276325,101.2622402999796,53.69112391327202,0.148,24.0,1
15.0,114.1748553814617,85.59650069732794,26.48317829635998,47.16233976229215,41.382741478172804,0.264,22.0,0
2.0,95.95994927728364,77.81815647823245,19.6817677371335,102.94821194573892,44.74761144004641,0.472,48.0,0
15.0,199.0,72.3790788538644,39.11932553437115,142.75211065855058,47.631138121644675,1.553,22.0,1
5.0,144.99078199873242,75.02090643016754,26.44112122662485,192.10902588091267,47.53237506379486,0.459,30.0,0
0.0,94.8897234875781,38.22830912129888,9.387823333155552,4.730234485373806,26.34393123133445,0.692,77.0,0
1.0,129.91972251636696,60.31893413148402,63.05285577142988,303.1518584371173,41.56320806273877,0.141,21.0,1
12.0,82.52589889315263,54.976579971913374,37.767167453849616,198.25649273270605,45.96037364470472,0.47,36.0,0
0.0,199.0,92.2317509831804,29.26177265599801,10.11983994959619,45.528599766437765,0.295,59.0,1
13.0,167.96667570074567,65.64957856032127,34.01378511839399,20.69053044718192,39.48244045494754,0.255,63.0,0
1.0,199.0,56.33896040329621,45.754275374109746,327.2342776037001,41.12775875957283,0.099,65.0,0
10.0,183.8058951482199,86.30872607193564,15.536054057519838,238.3152818842414,45.95743065332917,0.55,72.0,0
11.0,199.0,77.55151800678411,40.74399447870258,43.07649209178373,40.440096219141324,0.479,40.0,1
1.0,194.3171230160529,89.21203895909045,42.021676605950724,51.08890749048804,37.5696407404437,0.725,60.0,1
4.0,177.68662739108063,75.12848651556708,35.396361242100284,440.7591466250211,36.56239010050322,0.332,21.0,0
14.0,194.44624286586628,75.04940617010317,23.642017422641686,171.869823156077,49.185702475467764,0.711,42.0,1
8.0,171.2940576536179,65.01463198620091,37.64590721788246,177.72719667869643,46.465278326300215,0.603,58.0,0
4.0,199.0,71.37509922543934,45.74236918102513,13.244324578983445,44.66496562210449,0.173,61.0,0
1.0,174.14496554632055,64.17206906603636,50.420075802351306,46.271365752017196,44.68966159743839,0.097,57.0,1
4.0,199.0,97.13237116164157,26.124030336250797,21.59173360738481,27.498801221831208,0.3,49.0,1
4.0,119.07020792334774,72.85352026270704,24.270911954785454,226.85991380520812,46.4334921381989,0.584,56.0,0
9.0,183.14301021832026,68.71777237435889,27.489875586541515,116.8766620863403,50.62477165508645,0.284,25.0,1
10.0,187.54152995051223,87.95217486352212,33.409109552988134,172.05895544521883,40.11236506838422,0.147,47.0,1
5.0,168.69002915544363,78.49608118300605,27.077637076356382,82.04323414530775,48.13470491538344,0.288,21.0,0
12.0,136.00288502921202,55.62866564289594,23.310832929030397,43.37679975173939,39.56567000334943,0.199,50.0,0
5.0,146.43281096839894,95.74554859763529,27.331705908767432,33.74534382343975,46.31597353056531,0.118,33.0,1
1.0,179.96962650778306,67.69670528501456,68.35926913449666,22.170776239505592,45.0861571540191,0.408,21.0,1
2.0,199.0,79.37662830017686,20.730751689630175,77.23092689197132,48.883952276961395,0.158,22.0,1
3.0,199.0,91.05007389497405,24.577760158972552,107.42339854201362,43.22043342466057,0.469,29.0,1
4.0,125.0000482505703,59.84151425850588,31.945177058132508,27.50048403842021,37.605175057597975,0.685,32.0,1
2.0,130.60583810603728,45.49270266308227,42.24775372016818,166.7903826172362,43.49020516857182,0.356,42.0,0
4.0,126.24978472112011,93.08285022030446,50.266413937313104,59.00449605218874,41.14351833059875,2.413,36.0,1
4.0,197.51565271145543,75.45746087284424,31.747028697700415,460.3973670131736,42.62015754705255,0.09,24.0,0
9.0,113.18745114376267,91.82879896069969,31.285250337793897,42.52911750339327,36.92295282179314,0.494,60.0,1
9.0,155.28917949877066,101.35349598347005,46.12055904120331,-2.192746288356286,41.1361492092974,0.078,23.0,1
0.0,199.0,104.74508598058003,52.11657256460955,22.911385743409006,29.933210394532644,0.206,44.0,1
0.0,166.6824468314808,76.10448699321876,33.662760182036806,74.31965845702042,48.989141710886074,0.764,36.0,0
10.0,73.99600386275557,61.624160278467876,29.400513265369987,39.22978059060896,38.8785881322472,0.244,50.0,0
1.0,199.0,78.49058461519886,31.581552705871616,8.085630805556683,50.799482335023555,0.136,21.0,1
0.0,140.54140731620086,66.67547222224155,53.37241575461619,91.95749705164108,44.49676078878955,2.42,37.0,0
7.0,106.20602494911238,72.93214695694155,30.061950996631772,74.42784309516044,37.512069060681,0.417,31.0,0
4.0,148.8946059462688,98.73545618433053,30.660503337617847,28.237321375926832,30.08598027292365,1.117,81.0,1
6.0,172.10103479231714,94.6963186076596,32.06541210661385,204.3876809837105,41.23924545902153,0.256,75.0,1
3.0,127.57093601910773,99.43269208960174,24.256015683424415,184.7755670274223,43.09990345276046,2.143,23.0,0
1.0,152.64757743674116,99.62720270087854,32.54387197544129,179.95807213445903,29.949156921351364,0.268,35.0,1
3.0,163.28754670292275,60.953363943981095,33.12970179075178,51.80422001009451,51.18525295088398,1.777,29.0,0
3.0,126.34587089589797,76.23926294447833,52.543599944510234,23.31557960799435,39.362728824125256,0.126,30.0,1
3.0,199.0,62.79622046811398,28.28357606835616,34.08479219606509,38.28458329781464,0.662,22.0,1
1.0,179.58458670976745,45.55604882767809,35.126240149407415,85.6671240041722,33.19543008349898,1.625,75.0,0
6.0,199.0,94.01831627365397,32.67891098760768,4.347516014461156,40.052852041588594,1.628,58.0,1
2.0,199.0,86.82384690149198,50.40354875160823,742.1854122659538,41.130101203658754,1.675,38.0,0
3.0,74.88307287245655,69.08593888243911,40.55003005400169,115.91796043548266,27.324560310163168,0.776,30.0,0
4.0,122.8957588646272,70.94305871944576,9.039531445303929,21.464935075957897,38.37070375873431,0.171,30.0,1
2.0,199.0,50.04026972098977,54.59100965888542,38.512348385784165,54.667276691219726,1.364,56.0,1
14.0,199.0,98.9252559628853,47.81822887169342,107.82040703738849,31.370321316156996,0.101,36.0,0
12.0,98.32484806020267,54.83841519382008,22.91657250624064,25.527928465143653,45.33880037663455,0.421,29.0,0
5.0,199.0,59.5377833066641,61.76453374447258,50.240101026567444,43.775777719301566,0.179,31.0,1
8.0,129.1135924179934,69.98624283099063,52.98775509671234,261.03409670375333,46.52658413001427,0.298,24.0,1
1.0,67.33049399903335,81.57385305413972,39.76264457310095,44.35007158648268,33.813805798989115,0.199,76.0,0
3.0,167.83133913148632,86.12336660082903,45.321540133286334,127.71682619305918,38.90057396418341,0.133,42.0,0
10.0,139.32742197710408,57.38153563633823,52.036086690824234,140.77362779180726,45.328478639406946,0.706,35.0,1
2.0,84.31454450317403,54.48653722791368,15.266616141586685,560.3540942686835,48.82991560662751,0.837,51.0,0
3.0,191.15146365342488,87.25850644150006,31.406063948318014,253.98949119397238,53.05350990615598,0.675,26.0,0
2.0,129.01902950263062,98.106938969738,26.248671027261636,133.56007069358253,31.887712738882243,1.358,33.0,0
15.0,134.55173571949467,57.22146639467605,35.70131936706569,116.06944601978827,24.829973099652445,0.113,21.0,1
8.0,135.938315619835,52.7274694803906,37.963720795066145,25.757643690756204,36.5991731356885,2.42,32.0,1
3.0,108.44811922454387,44.50982392003532,35.45071051606824,15.96070933151082,32.80184510839536,2.028,38.0,0
15.0,199.0,55.586351866461456,43.09662730858989,3.76566755587719,49.81812405143407,0.647,21.0,1
1.0,199.0,81.44117339041458,32.65342668661966,11.26051029574915,32.37274909516441,0.182,32.0,1
6.0,130.03043017255135,85.06786176464331,8.655880385247201,7.49444443444068,32.364870240154815,0.876,21.0,1
12.0,152.13304622675338,60.040309241023444,22.36717488057569,15.177025372718646,39.68496253048475,0.433,23.0,1
6.0,139.64359384025937,100.55395450318875,26.09874300414846,58.53142275983696,43.599074590785094,0.286,80.0,1
2.0,141.25935331312405,75.5578456585805,38.168564464133425,30.025882532054013,52.88582292160842,1.537,56.0,1
0.0,199.0,63.239071883134145,26.400275669321495,38.135084894712456,21.302872366938896,0.314,21.0,0
14.0,152.0906362161283,89.96723680145294,49.876707944483464,4.663910713332918,42.291725728300726,0.922,38.0,1
9.0,109.79421516998687,61.35379266346336,41.93933684086702,34.18957725924178,49.287025383331894,2.183,42.0,0
4.0,146.59684070818793,45.335123798013825,43.144040212169315,42.52223108538075,32.679264066046855,0.713,43.0,0
7.0,150.30762487533912,101.15767686863384,42.51719612536287,50.564473199357025,38.20012940399616,0.516,37.0,0
15.0,199.0,88.89387627343785,29.27552946117232,533.6833179217148,44.89719591837333,0.192,27.0,0
2.0,167.09433369944034,56.435358233706786,32.132955808853986,10.630293115656826,38.446411846309985,0.508,46.0,0
2.0,105.7038604854265,79.92865818562447,24.269172642050655,145.68242111289516,40.720129292995665,0.102,22.0,1
10.0,115.92382760778423,46.47673875588428,37.6113890880225,176.0689303345275,51.48699276670129,0.331,41.0,0
3.0,182.32793529434417,47.56848248328241,15.949928827701022,94.54798256010177,40.77843729826159,0.199,75.0,1
9.0,127.83209100953994,83.71364267344669,20.205151310317834,112.36334491067765,50.415322628449374,0.588,28.0,0
13.0,109.09896356549149,62.55804608492572,33.451318646753855,89.09079958783673,34.995957236212405,0.384,28.0,0
4.0,92.99302616123398,59.86693308942464,39.64384745643253,69.90605641229307,33.875789475708736,0.776,79.0,0
10.0,138.86255412778246,75.9084010683648,35.44177236751316,133.48649742655923,41.02356627526764,0.705,23.0,0
5.0,90.21640938195742,88.5568316446176,38.05193872016036,29.712104357301683,44.906320557347385,0.141,40.0,0
10.0,122.84526365790063,61.24210588510052,52.650948711088624,96.23196442777322,44.88045018504985,0.1,23.0,0
5.0,114.12349547296753,61.990236632790314,41.47431178367693,-1.3336127924464236,23.80138505182999,0.155,49.0,1
11.0,156.1576921034317,59.18135540269033,39.061261997963285,-9.748157801464068,21.388024734933083,2.42,70.0,1
2.0,157.7466777539323,86.35646415892074,51.511453963111244,87.17365049563769,47.09907606651795,0.275,24.0,0
2.0,134.19486225165932,100.06859664105212,61.918141220846856,48.914611865094116,41.99367189697885,0.93,29.0,1
9.0,199.0,87.1175062524621,29.898983105249926,80.04825289643216,56.25334907465289,0.564,28.0,1
8.0,166.70422387928755,37.92417925143941,25.293221478004334,236.05547251691368,46.48251627007175,0.343,23.0,0
0.0,199.0,92.78520402241048,24.806890698766665,39.6182289586958,45.9387588348924,0.615,21.0,1
3.0,152.89496036886197,36.37411095589048,50.80713266141949,34.34572333233296,48.47384078027716,0.121,26.0,1
12.0,199.0,61.33356867040706,41.17318371558504,13.382276734711972,41.91222366198458,0.22,25.0,1
6.0,120.94661761103532,59.91757956975028,25.53748422696213,231.03923480566743,56.64232371890016,0.133,21.0,0
5.0,199.0,62.320852072445305,52.447497437520504,-13.504079403971303,48.02224249873105,0.926,24.0,1
3.0,199.0,93.12833344488408,20.79116577683806,59.33602966701102,27.141433969977363,0.084,29.0,0
6.0,123.19689893154867,80.58656995062029,25.553710721927274,87.37755561105827,38.15383512395859,0.173,70.0,0
3.0,199.0,44.09202007116899,17.000158203300703,48.63153476991069,25.01123104017566,1.52,64.0,0
3.0,180.330114142374,69.04796824251058,27.446726424927796,12.99881216966735,39.17563947611767,0.459,22.0,1
10.0,199.0,75.96097988789529,22.801701692342817,16.663239310808564,44.787134396658516,0.543,61.0,1
15.0,130.36805531399662,56.126190425116945,48.51683151971065,1.152580613679028,36.87059435387637,0.583,63.0,0
0.0,151.18143929257903,82.2671894651833,36.034759088723476,181.64716172669844,39.59159596666849,0.433,60.0,1
2.0,94.53231444046148,75.4542928291842,25.95743652703591,89.15813687677132,57.00945444476346,0.572,70.0,0
7.0,144.8982545313327,94.9452160130397,22.51875018912189,123.48673058853203,49.06540678463111,0.115,23.0,1
14.0,166.95577996218597,99.50129027397438,56.461152880682214,105.2790176413735,48.26728098652176,1.759,34.0,0
4.0,91.92708901899478,93.20847315872439,44.931620241556026,335.4607331139888,30.931070128667884,1.124,42.0,0
13.0,197.72259255049866,50.01384269468643,25.793828869188822,32.1309501792463,54.061013986011915,0.819,27.0,0
3.0,199.0,79.01924183409365,54.41953994143909,41.474156835935766,40.90431231332005,2.043,41.0,1
6.0,105.8731245381629,92.78379317992136,43.14130739640099,20.19018600185327,44.663071768180146,0.506,21.0,0
3.0,184.9207271662104,75.976354993124,48.9267257001636,77.08222384899287,44.87928838333552,2.296,78.0,0
3.0,128.66023734017372,62.36907456153006,66.63583395639805,30.30387832992959,37.46811909912615,0.452,60.0,1
5.0,158.17851010918275,103.56800759870629,13.40623122405124,99.30235346515771,43.45390788940456,0.121,29.0,0
1.0,199.0,73.26176805877385,45.19262846388736,34.177925361912685,31.410797602415997,0.175,68.0,1
2.0,156.71074330816163,99.44985065450979,20.2945399472456,196.12469583072846,34.70009308166908,0.628,21.0,1
8.0,199.0,89.36723218634762,37.07906170034608,174.47328520307897,32.33205238842405,0.271,23.0,1
0.0,82.98333801292932,53.24684564879503,38.46127269226457,9.81842384124705,46.76516109814537,0.362,57.0,0
14.0,168.04614502722075,86.60869764234886,34.14479003967058,182.00451475624013,46.48548605323053,0.865,31.0,0
0.0,199.0,80.84212656085826,28.740810340975152,13.754366617464974,39.72518902674408,0.808,26.0,1
6.0,150.17402997317544,42.553036296290614,34.00246991903202,-10.986080995109017,40.445557131122534,0.78,76.0,0
4.0,91.52645033343772,84.90971349255253,52.12667228267575,166.0892590330473,37.000092002597064,0.207,53.0,0
14.0,199.0,52.926472801730114,24.26795249296179,40.38646447855803,32.979840049056364,0.49,24.0,1
4.0,127.43673659922646,97.58240802044921,28.96562691808556,43.03193639565652,44.487014646361345,0.497,21.0,0
9.0,199.0,75.11404470593749,42.59879553912477,79.17369361120066,39.72484693064422,0.539,22.0,1
3.0,157.8996364756287,73.83144054902465,37.24933294725292,3.121507882576676,37.87402514493837,0.404,69.0,1
4.0,81.57346979521833,78.89578866622266,30.549049298153378,66.57158519221005,44.48807869510505,0.47,71.0,0
12.0,199.0,106.2499154890001,17.612102242080308,80.83558715511815,24.43883346488331,0.838,45.0,0
5.0,90.35201577541875,77.42524492216963,31.14173780884456,-7.237498401538165,28.283905396337012,0.312,21.0,0
4.0,199.0,90.27256613559436,35.78360278716923,72.9722276919723,56.874949233378075,0.095,23.0,0
4.0,102.43476790993776,95.40756568870208,11.521090475154502,11.361004188888316,24.42702237242522,0.479,27.0,0
4.0,169.17091953900342,69.17984684138955,43.95087227678612,541.5948623895366,41.74058613545853,0.427,69.0,0
0.0,122.90697044435925,63.193209257259944,50.46192150076679,8.419569954084263,50.504979182968,0.215,61.0,0
14.0,141.57163714092152,65.36265581404454,36.93539123114868,12.260834145666244,46.39997768942027,2.42,22.0,0
10.0,182.77145796196612,68.86520617507239,53.35616950106304,168.49242776002475,34.44458930035643,1.406,21.0,1
2.0,91.81417433040072,72.58296987399069,40.89737285689237,162.5261502514942,38.69075564456958,0.549,21.0,0
6.0,199.0,78.4366623777573,18.339922702250597,41.92905622070747,40.908458752247256,2.42,37.0,1
5.0,118.84808342115019,82.36786369394372,18.50429341187096,38.14626806202549,31.52391484729614,0.185,52.0,0
5.0,184.14230687029197,84.00962167242128,28.05724694521441,9.662677314978719,37.84808177048168,1.108,21.0,1
13.0,177.81573048743675,67.91513659713809,51.781512027631415,13.473998465332894,30.185930753737026,2.42,76.0,1
7.0,100.17381715931555,80.23668370512527,46.48297230838218,45.69454434591873,52.02064121164176,0.779,33.0,1
4.0,190.30476297942474,103.54134977207059,20.164504085638193,796.0273959291333,29.967452161644864,2.42,24.0,0
2.0,157.00820302681015,94.66033557649735,38.857620183729495,-13.504079403971303,35.35395192374291,0.503,77.0,1
0.0,149.27747024498836,78.42460193723977,47.38910844752667,846.0,29.08295887653449,0.287,23.0,0
13.0,139.57391120645835,80.4930788304699,47.91219374380291,846.0,42.789559998355145,0.597,22.0,0
1.0,169.24679032514234,51.74194780770554,53.509987866143284,71.5123270631937,33.99825078808136,0.232,21.0,0
3.0,96.76222404323357,94.15743073651785,19.85514128092935,82.8621894878492,45.42517177376123,0.637,29.0,0
4.0,199.0,89.89272649037494,37.25992434685658,93.35685732283264,49.06542410844786,0.188,23.0,1
14.0,117.58919355948535,80.32868209658497,47.87327215262803,12.022237218540763,46.06450280818021,0.86,24.0,0
17.0,179.31131919708406,93.27529557938234,39.04463466560062,110.022838790619,44.454548392267036,0.662,30.0,0
12.0,83.44761675109153,80.36029160532064,55.860348372621395,125.01489288756281,57.272044160832735,2.42,59.0,0
5.0,84.52872004750074,50.309643830485115,29.895182198266298,154.40059004384204,36.28174895261067,0.563,22.0,0
9.0,180.58949349042814,63.797483356880605,58.58737631040547,21.14973109180314,47.934452690710344,1.15,21.0,1
0.0,159.99870837602484,83.57401346580181,36.351871705081884,55.482073496522716,33.02292930068377,0.407,41.0,1
6.0,138.42774407259256,91.2648001752928,40.738515389431825,262.7006600057425,39.18889881504688,0.088,63.0,0
3.0,92.62424159731691,56.956676175151884,20.662419105562616,44.18527185266995,39.6841799314261,0.595,21.0,1
1.0,189.23114416345396,64.92052320410664,38.04701735410424,68.07995585423525,47.5416975546274,1.44,30.0,1
1.0,171.92329196931752,88.09009704639294,24.68808092018326,41.448469879064454,46.585888152337034,0.344,62.0,0
2.0,129.5299190654638,70.37137276299387,58.25055497212396,55.23950053483772,39.76639640988422,0.082,21.0,0
0.0,98.00396800131217,106.32083326388764,32.422417351234294,162.75199748397745,36.680190419413876,0.406,76.0,0
4.0,173.42214145418325,99.37581873280786,28.750891973068626,111.74713975231754,40.67859066563322,0.133,41.0,1
5.0,126.54253404358957,66.75471411492121,57.488583474334185,7.5618938951841415,28.011269169658483,1.135,23.0,1
1.0,135.44221015876187,84.42017672449515,48.87439605001121,146.09879291047525,42.76002888870698,0.374,21.0,0
2.0,199.0,56.96792387681282,24.83388675617588,140.89157001685592,25.55189852859464,2.02,22.0,1
12.0,71.10502803039007,99.14149560727753,36.01290536967502,31.451996529067436,46.21522101479124,1.14,63.0,0
8.0,169.8920233563669,79.92458616490755,32.01946812160399,227.00286060803435,50.74849268885494,0.668,30.0,0
4.0,139.94207207308878,74.63309400904538,34.49582754257401,84.63380081034347,35.987381923051814,0.345,34.0,1
9.0,108.13544582420613,62.87863985052593,31.664520004543945,49.143213799369235,47.55716404956174,1.424,57.0,0
3.0,190.6397336411862,55.95482810306874,16.22584852135705,0.028123972141703035,54.664364645669295,0.235,55.0,1
0.0,108.17721282414858,74.24834818176946,51.041911037950506,8.386417644153934,37.02431725890324,2.42,38.0,0
7.0,99.09626186440423,73.9823911189515,31.416199370880385,6.339560119488574,28.985266902562277,1.836,52.0,1
4.0,194.65943859408333,86.38010466913576,48.22368769196433,157.53532605292472,22.652871290373433,2.126,46.0,1
1.0,127.83727970952268,84.65917245485548,35.08059510975879,475.50474405710054,45.78035679359465,1.571,25.0,0
8.0,90.50663229663537,53.02364351204873,14.664487076982589,25.85127593644596,29.017973368190454,0.528,68.0,1
2.0,111.20872271944995,78.5614901077019,56.38511559602758,34.97988000946303,43.37006265419171,1.188,41.0,0
13.0,166.39983864198322,61.844781907196584,53.232593501460066,48.02050809869915,35.61106007491831,0.325,76.0,0
15.0,95.12439076530475,81.87578402066251,49.84366037975575,129.76957368601296,28.789685784316518,2.42,73.0,1
12.0,142.83845270089057,59.80073222663477,17.273975965979567,258.9553561966492,25.38281107467227,0.974,25.0,0
2.0,199.0,104.72026066608026,34.29931645950603,20.70550172180438,56.16983051947847,0.219,22.0,1
8.0,129.3171272855485,49.946574957334334,68.39535912996391,63.48731671142737,42.119236927081914,0.41,31.0,0
9.0,128.61854467032325,70.08804323282152,12.692835159916733,387.9636059922784,54.88805025920743,0.202,21.0,0
8.0,173.83371796466326,97.36844229499732,45.00120052812559,376.7655583049118,49.05364078991287,0.318,30.0,0
4.0,101.13910004098287,53.077766835314264,47.08179314381147,79.05791336264554,46.40119489571451,0.139,41.0,0
9.0,175.86701972713755,49.652443171800826,48.142399045142035,149.1025327076442,22.04776191622387,0.78,35.0,0
3.0,151.1632406397552,87.57760373619175,18.804959782979832,349.56461417412504,40.56519407208553,0.621,43.0,0
1.0,113.18478521288819,84.32916492034849,49.64343901594353,29.390465283259275,42.94933635850434,1.727,74.0,1
15.0,199.0,51.11576066066578,38.86959193905056,10.313301447842626,22.02135706513105,2.42,25.0,0
5.0,127.4059279957095,85.26761228288538,41.668550436398725,22.76107883089827,19.274102714618394,0.628,32.0,1
0.0,139.7123166550088,70.49943802912225,54.626443184159974,14.58512981284315,40.85210630228622,0.273,21.0,0
9.0,134.10127118569852,65.8757588700204,51.89692654013428,29.098010012497745,52.914869921071656,2.42,40.0,0
3.0,112.92800955041744,69.9046914120541,58.230745050591956,432.08677590553816,36.1962888715594,0.184,23.0,0
6.0,112.39045371601526,46.71900743857163,63.07045808067932,-13.504079403971303,45.589804627725826,0.795,61.0,1
3.0,176.65490033856292,78.20389918082981,37.81759826449729,-11.786909968922632,41.013114389567306,2.42,60.0,0
11.0,152.78358603791366,42.98146520692799,49.06270845976077,63.98442758590075,19.219598073528108,0.326,30.0,0
0.0,108.48465230932595,41.40616512632316,45.1344503024042,-7.6605193929828665,55.42200824933116,0.664,22.0,1
4.0,197.9646357991459,93.56877469624598,19.468172797947556,-9.359178210063856,30.716380876620953,0.3,21.0,1
0.0,114.53985900782811,59.93085117662392,36.17504884342637,109.2820846553526,25.092552597456073,0.632,28.0,1
4.0,171.1836287031757,80.81373830896689,46.475482235185666,43.02205887846628,34.124880330816495,1.776,62.0,1
1.0,182.51882180005208,68.92409257874269,45.52398823637462,195.50298358179157,38.2115597090038,0.597,68.0,0
1.0,98.23649308694729,51.98642950049577,37.1724914868522,91.96299870043613,41.00748147659616,0.914,22.0,0
9.0,107.7585058721985,76.83808724977774,63.780075973077125,41.56657741215186,47.720577780307806,0.684,25.0,1
7.0,129.47303403241457,122.0,36.539865054952486,161.42787754457228,30.364575403770168,0.705,35.0,1
1.0,149.27204358448094,63.84478412145444,26.76914782218916,32.979141198942145,45.162785090860936,2.42,22.0,0
12.0,141.97732170516568,90.46725646163782,40.854718870857425,153.80489710663343,48.04787071937808,0.101,26.0,0
7.0,165.8628354263,48.78056754663919,48.164430918368524,104.00341076265758,39.41642519468718,0.574,22.0,0
13.0,182.63126145824816,78.42570675264949,26.725185846375567,26.99379977655277,54.60634375705176,0.935,33.0,1
1.0,80.84491475679779,41.975625045926584,46.74022504614415,95.38389720370834,40.636290568885705,1.263,72.0,0
6.0,157.05226793671218,76.52827761984744,24.166007695189663,11.334553005764906,56.17608550814583,0.696,35.0,0
0.0,130.34842287072564,64.05150069874935,31.35255599856579,205.97531701528467,38.09399478445606,0.297,22.0,0
0.0,80.51754356191142,64.82345618366972,21.888980604569397,43.32734878653584,43.4225894158925,0.831,49.0,0
14.0,174.2985317467981,71.56628981938368,47.39573813857245,241.0500542869439,46.26721851046711,0.104,48.0,0
2.0,104.09573825791674,88.54294767512485,42.54612580886209,143.14375450301,41.001351750512214,1.326,42.0,1
4.0,114.73081133635887,75.8454943587386,48.963904370526755,40.9366969980798,43.726429582284474,0.139,35.0,0
8.0,154.7384693325465,122.0,31.225588454059434,62.141743394068996,19.96659991638822,2.42,42.0,1
0.0,142.48784143032123,51.94654673747805,46.393811416089264,3.6498668311224236,33.979418086483044,0.122,41.0,1
14.0,157.47267179025948,53.145764584604734,23.973002832270694,104.88913270072717,53.18634047579343,0.569,21.0,1
2.0,111.21703185665686,47.04622475027431,33.284228689193945,153.0895718634714,37.19524047066313,1.28,26.0,0
6.0,161.78966096915389,78.66100623391915,42.82162486661682,408.8774776908821,41.19668273533667,0.145,35.0,0
9.0,115.85680906192633,54.11941222205488,44.12898732483912,19.419198885431484,26.006688644255618,2.42,33.0,0
7.0,184.11383117993026,70.24761593471362,41.8431557473666,80.08713640731536,45.143848709076906,0.282,22.0,1
12.0,196.3550310247297,85.99686783181306,14.06991691963757,421.0791746735623,37.740768038750986,0.221,31.0,0
10.0,144.19990791839942,50.63198331166554,47.355775555520495,-1.5489001293754239,32.30843553501372,0.666,39.0,1
2.0,199.0,103.67694937894098,16.254344208208764,268.64346439579936,44.844112967306444,0.093,60.0,0
4.0,169.7738793992436,82.18694529399258,50.77442381854648,150.4678782812719,33.730570117650295,0.78,33.0,0
0.0,104.60522796216833,44.73206727241786,18.13124963980495,194.79340069709022,47.50076955996947,0.088,21.0,0
4.0,132.2966308833872,77.59570168217354,54.11631651190584,134.04441075853072,52.712042105154566,0.644,29.0,1
8.0,136.9329880418711,59.14193710099146,22.349097023815254,165.97244614929113,49.39544385360381,0.794,61.0,0
14.0,197.21571868531208,65.46721009739838,46.792387742746854,224.98757027779672,43.970200131888596,0.407,21.0,0
12.0,81.69411519523449,80.15808603218468,17.022253876623157,223.32371497278552,27.53645993862761,0.251,53.0,0
9.0,199.0,94.76294139614197,30.514922597265972,280.12654365162973,50.13095873833673,0.477,26.0,0
10.0,179.96264880702296,85.10971503645541,44.297741730075714,20.152907004043684,34.3392682762685,0.303,21.0,1
8.0,74.83232643889313,60.353703613256585,50.41118889921824,58.825113366768846,32.96546744337795,0.562,58.0,1
0.0,96.7892700376088,86.2091173373611,46.96537795476175,21.417359338821782,27.339802383364542,2.42,38.0,0
0.0,199.0,86.11676487178406,24.323014581559292,472.0537892055421,34.436929732197,0.346,54.0,1
0.0,90.51228794235726,86.70982202667625,25.02048837680092,188.5360644000678,49.34321179466765,0.641,56.0,1
12.0,128.15042508155938,59.183540778383346,46.70719698099486,95.63571223653655,26.627952411007996,0.104,42.0,0
8.0,164.15718669505952,49.47585715964197,23.12955675111278,373.92425577548136,32.98302519516054,0.984,24.0,0
1.0,199.0,79.8603362386828,30.82061933293145,24.42524569208996,56.1679391994182,0.321,47.0,1
5.0,153.80650036682042,69.3771947564623,64.78120867005288,103.30044828153379,49.843166690774076,0.992,69.0,0
12.0,102.16459258945588,79.116733831939,54.86478090895523,120.62814476710301,41.79204575892452,0.536,23.0,0
10.0,104.30564532534483,97.45156782894298,54.33086747506142,438.41611552328004,47.31452505888531,0.398,28.0,1
2.0,116.69782513986479,72.92554370565617,58.965619987465,147.64781329430477,41.62911306850566,0.526,33.0,1
12.0,116.13788305631266,86.2669390685206,43.90946524296776,63.806587787563885,45.43968483187462,0.32,30.0,0
3.0,141.50412278694114,87.93114835716315,45.057779077476795,-0.5999122509832056,46.14585919611861,0.542,57.0,1
5.0,199.0,61.02846909230766,29.74205061146114,35.02813390166843,30.454882180688415,0.145,37.0,1
8.0,92.8497645795866,82.95678712339435,39.353322382335186,43.439291717028,31.90728593832016,0.491,29.0,0
2.0,138.62884204046154,74.37540364790509,32.88927328670473,37.168188160289645,45.78317651592087,0.225,23.0,1
4.0,197.11591551253386,97.61103727734346,29.564376849229227,-8.250432212475939,46.63988848421796,0.664,43.0,1
13.0,112.31259301981788,90.44155031806366,41.17645809127986,178.60491346401778,42.47004128434162,0.372,65.0,0
12.0,80.08772118312315,74.60012909612243,16.58359149981944,235.81486672110248,42.06670029622944,2.42,21.0,0
3.0,136.831518919867,72.20108756940473,36.7612080071916,200.60628123149766,44.11613948733206,1.32,47.0,0
13.0,80.65993814223572,70.9744519715118,26.940822456798102,34.67697889734407,23.19952146465528,0.633,70.0,0
7.0,164.94215332787144,98.53076888966069,33.69576678320318,-13.504079403971303,31.171257514769422,0.232,32.0,1
10.0,168.06973670353943,49.755998748664226,51.14683794662205,-13.016463890251488,32.5651512320542,0.76,76.0,1
6.0,149.20525694990272,92.3984532732135,30.099992877989934,54.03554444883176,43.19890494731041,0.363,34.0,0
8.0,137.93288238858761,78.64587100790767,34.86918852411147,155.96797619136944,57.070303209453144,0.416,23.0,1
3.0,164.0623993687976,62.53335391275481,18.00973139033889,129.90028724338754,40.47592247795875,2.393,33.0,0
5.0,117.54327908182239,72.12614781832345,32.91600734342709,18.195933051825655,41.22786769932676,0.253,50.0,0
8.0,77.2338401152269,62.76900702982155,18.263333228967063,150.01588916046776,49.77905040296061,0.673,79.0,0
1.0,83.18130804815415,82.40442589721624,33.187554418750594,96.69182118320133,41.90953677854301,0.713,35.0,0
2.0,132.89055851214093,43.73729917981108,40.89827389828684,191.33937863688362,56.663370263745236,1.443,22.0,0
10.0,147.1916188443327,80.61536002832403,22.59078958595203,124.68994597068757,22.470270857547202,2.42,21.0,0
1.0,85.9523556401029,63.846380929727815,34.299419579911884,278.0757435065158,37.73788036450189,0.996,72.0,0
2.0,99.50624012925833,68.76504868595156,31.227540367851745,134.02064098090884,37.61860673723699,1.182,31.0,1
5.0,74.38379032626538,83.78439162977125,53.41708870837207,207.89852488198886,49.204442536844596,0.37,34.0,1
7.0,52.80774180229523,78.04053100951077,21.603444009639396,142.37053231089007,33.88412745461636,0.674,56.0,0
10.0,152.8018508032121,84.6695309476523,39.673596468605105,12.95989162466244,43.96612079930638,0.355,47.0,1
5.0,94.70659200816829,87.54701416602416,23.29238389910489,120.0393613084174,38.29948042394411,0.141,33.0,0
10.0,165.93937058583603,75.57008868284098,21.41394554235975,40.26954625983313,45.62377565737589,0.127,35.0,1
10.0,199.0,82.99646482510835,35.35556567988992,54.38813246098347,47.775327983292456,0.403,31.0,0
2.0,93.7422356903166,70.36524469028161,32.061653361377644,39.706956434056885,34.23972010929593,1.286,51.0,0
1.0,199.0,74.11938135327847,36.68650531595013,175.43245124294822,40.264526658918456,0.266,28.0,1
0.0,144.71161679776517,86.81354505000351,18.204795760529144,97.26835828368556,47.773711650940825,0.343,37.0,1
12.0,185.8885643105287,54.589504317121616,17.63978545995191,207.83498830831277,36.20609037740241,0.345,21.0,0
2.0,172.67505602465613,63.09513382948957,47.30727404482037,21.522208860952624,33.441234900452656,0.444,31.0,1
11.0,136.36001007482986,92.8315708500136,55.04178119895163,192.21745891002655,39.746856097900846,1.721,22.0,1
0.0,85.53853804521492,74.93743438467585,41.61471786492888,35.193842298291415,52.96670593052579,0.661,21.0,0
12.0,93.73828705187958,98.89503742487682,26.989717375022146,47.75498106951356,43.83576314057356,0.404,36.0,0
0.0,199.0,91.77775904227613,41.54376085417201,53.18190658970586,51.31311293480337,0.114,36.0,1
9.0,110.73584319438847,104.89407992325258,18.25132794002021,60.99324439572396,48.183610879399666,1.839,74.0,1
7.0,104.36613963636428,64.7747296818977,21.589907171357837,191.67752358785694,52.838931953286334,2.42,56.0,0
14.0,118.98759764636048,105.61816463570403,17.758777377134795,87.38905543438298,47.16619082173011,0.954,49.0,1
4.0,145.16341568775562,85.69393233157723,8.545419260129933,296.899440524792,42.010217769305314,0.17,36.0,0
0.0,163.63779218735561,62.318397369377635,39.4474776084539,269.5149111311498,46.82846520703528,0.082,38.0,0
11.0,156.22485294242836,64.92914599119548,36.23303982466155,68.42822326382259,47.07468501000978,2.302,28.0,0
1.0,68.06928313579955,69.3624979568213,39.686183411667095,19.571423084386822,46.09379996093413,0.308,32.0,0
2.0,186.24709711806545,101.30576543160365,38.50095640709867,25.293468599475304,35.038403660024855,0.229,31.0,1
3.0,135.54534904215672,81.58208553025425,40.36472846667474,204.24268744289273,33.874500554233585,0.466,21.0,1
14.0,147.48385680834232,90.01816295435827,37.43383914091249,104.90000433923466,41.20689933361661,0.386,33.0,0
11.0,191.00933822244207,122.0,38.459840552472414,6.015240885984696,37.43342206803864,0.213,73.0,1
0.0,143.25042105111734,101.32750581843936,29.58760422045448,2.9969403717409797,45.99380647381006,0.358,62.0,1
5.0,115.02314595997404,83.81368001670626,15.779636206805833,683.0391961688451,48.09451546133634,2.026,33.0,0
2.0,104.43769521997429,85.85867802724928,45.02960461263823,80.49643726131873,34.99597571232052,2.42,39.0,0
9.0,141.56695556399674,83.07959157642802,27.616885558768658,52.0455910114691,48.55012213153567,0.609,72.0,0
3.0,98.40694853351056,71.4013156851654,31.22703558753671,56.43985598322776,29.99977688413523,0.262,34.0,1
13.0,176.03341042373512,86.03651756676672,27.237532672202605,180.65781039102922,44.33575314799446,2.298,49.0,0
7.0,72.86571238517722,47.665644634203744,30.407507508202123,67.55533328202335,52.283065116562625,0.761,24.0,0
7.0,147.10457258769696,53.52281773759881,44.28064929027831,285.4902602976256,47.664936695045526,0.101,58.0,0
4.0,98.65674640189357,67.12742387929904,25.294016001021937,136.40239752028265,34.29168029040862,0.441,23.0,0
4.0,199.0,79.96455228523365,20.54275171205044,158.19455851598812,52.13150952557122,0.485,72.0,0
0.0,95.89817790850418,116.8166091321871,16.000409942476345,114.592041576647,26.875709804380993,0.476,22.0,1
13.0,127.40418006648798,71.00442801780866,52.4308033710614,28.840892526447867,51.80611660659032,0.113,30.0,1
3.0,124.94823758136945,79.87900235664694,22.872796525319366,467.99906248347133,40.52967236002107,0.195,21.0,1
2.0,199.0,90.847657532847,40.69908161414377,58.68376711223556,45.25176365335783,0.206,48.0,1
2.0,199.0,82.29974089565823,34.4382193866857,269.0287508503869,52.57649023091666,0.247,45.0,1
0.0,159.0171041124446,94.14654737165313,39.8559927561395,73.1996382981527,37.451036939272655,1.26,74.0,0
0.0,186.03161700422717,62.162477137144116,20.049166741876903,69.50652843139565,28.728549590951562,1.886,51.0,0
10.0,144.2361144119075,83.53978369492856,40.898522241613904,24.457874563044115,28.94282530936639,1.198,32.0,1
4.0,125.3029973374233,89.42071204493868,38.71098129098988,145.70622666258637,47.32144533644133,0.435,25.0,1
7.0,101.00777360971526,63.705073931831535,29.46670186587263,797.2336929533648,54.17205584727631,0.538,49.0,0
11.0,155.441143047709,100.05981463229972,58.929149303863205,32.96714614311128,49.61330631457838,0.28,38.0,1
1.0,171.18883907866413,57.104255491667146,27.18555293359948,274.2783578241567,40.2516383573781,0.133,76.0,0
3.0,163.1428868367746,86.01083349622166,41.072555456362565,22.22854450622731,27.896259177588668,0.739,29.0,0
12.0,199.0,75.22991546089881,44.912574388633736,44.73131046688212,56.16225335147368,0.121,25.0,1
11.0,154.85085656338194,77.15411962290587,50.17918374029253,272.54207781257514,54.26981912559266,0.235,25.0,1
13.0,199.0,83.2258905686914,56.48373072757935,16.500823931715686,44.92544283903501,0.187,70.0,1
9.0,199.0,86.36827094812972,37.52004559346116,59.17352479779366,36.51598142729278,0.322,40.0,0
6.0,141.86792328464685,76.5770454574566,48.63054075500215,35.73311720995135,23.590365674038207,2.012,60.0,1
0.0,199.0,76.67853928354218,66.93303568819417,25.261297377467415,46.61052443890526,1.197,59.0,1
4.0,183.3541529424356,70.96993846821758,40.49472260258957,64.69856495567358,39.272494739677214,0.078,21.0,0
4.0,184.28893559280667,87.14877015899455,12.751876506123182,249.6200404759429,48.978875574115165,1.05,53.0,1
5.0,119.13588146993754,78.44220466513971,28.462369691188833,226.95627323347992,41.59120554349964,0.309,40.0,0
4.0,110.1318544256261,92.15711637154104,34.38786544929344,21.58275295682555,44.238904424898564,0.174,41.0,1
11.0,199.0,87.78771924047413,41.89569101332896,40.87950711604422,36.99913377740499,0.15,38.0,1
1.0,152.00870615885339,82.01119287520419,57.18525830743433,11.957195505409846,51.862514130245444,0.231,76.0,1
0.0,172.51497787498133,64.32989859342872,51.78615846167479,-0.6562291052164895,32.29970847654399,0.634,64.0,1
1.0,133.22817508478172,74.15959085142225,31.98096736163039,142.231502219105,45.126806961941135,0.398,57.0,0
7.0,199.0,56.73896788630138,35.95543551879279,119.54394339003073,26.00809720140742,0.859,26.0,1
5.0,199.0,85.44478326822855,36.256555286584735,27.403058192988325,42.50260792483031,0.096,34.0,1
4.0,190.70531580055814,73.9789273785754,22.046609297495806,328.76787727723445,48.15966228083289,0.194,25.0,0
0.0,122.55657467892962,86.3093387357269,27.676245305965452,170.59818131646935,36.45478219816103,0.845,52.0,0
14.0,155.83262398672585,77.70445585384624,22.575600727585254,150.87517972440259,39.48855243595389,0.777,75.0,0
3.0,138.03928056675727,65.87361672686448,38.89191497207581,78.99145895946508,24.927149818894065,0.113,36.0,0
5.0,185.36068339450506,83.13150825115346,42.94524821280698,38.323756440421235,27.210958058596667,0.786,69.0,1
4.0,108.65987242472566,56.16228165510166,56.42297670886314,89.86542376607862,40.3960552475114,2.342,76.0,0
11.0,183.3789567063622,96.19182740960241,52.56772946393685,143.9577356931574,42.44668929937982,0.129,35.0,1
15.0,190.6894909240338,67.77113623267198,48.81360800237111,10.848013080370727,53.5409604455226,2.42,33.0,1
1.0,160.5747014499468,51.50041758632916,40.01591135809453,70.73107385455437,40.71440372409411,0.333,21.0,0
16.0,150.65208396622256,84.26425045930071,26.57164259391015,167.56135216499126,56.974493819904936,0.747,21.0,0
10.0,192.8218325551672,50.828539671868185,31.417886968447974,43.91512843045104,46.60089063056658,2.42,22.0,1
2.0,175.8165623395861,52.730132720184464,39.31620123540635,143.01174729059733,50.07797847627414,0.179,22.0,1
0.0,85.242256353432,61.30044045058937,47.700320180292906,38.34712025093264,44.887931779019524,0.344,25.0,0
15.0,161.97908360760306,58.03795877669783,55.81055752028289,9.417900412003785,50.18287792662713,0.522,25.0,1
0.0,185.02015000528408,65.85965187216209,51.33304039497277,53.831756030771245,42.60326497862475,0.448,46.0,1
5.0,142.40086251253646,85.80591108470489,29.68766979073333,1.7631461941505968,34.75771396000438,1.399,79.0,1
15.0,181.96271920200064,63.81518684394997,23.005856743637302,-4.338765437223959,34.08359162323042,0.646,42.0,1
7.0,199.0,98.56540932556979,10.727891686161495,115.52069343983783,36.57183985818206,0.221,24.0,0
14.0,150.42462392861145,65.28901805829395,24.0007746978878,70.49448390003485,27.954707660702695,0.748,21.0,0
7.0,170.1582355800202,54.25864824396724,29.971226592400335,36.51179140218873,34.27505644157538,0.176,22.0,1
1.0,166.32709502991898,63.456756638329104,47.23782359156206,118.62773043767771,44.838251577214166,1.274,23.0,0
10.0,75.61822369790758,88.1504615954772,40.80046354857453,33.638083626863825,39.14322615303511,0.777,39.0,1
16.0,177.90195569799164,48.261569450418534,12.292122326408133,221.5472690749364,37.94775903668645,1.743,56.0,0
11.0,163.97331753801868,96.24076899597452,50.29692179412087,22.955306702579037,43.6991551267497,1.655,81.0,1
0.0,77.81841098401749,88.2031374494687,35.39094209431426,246.93519091320687,42.27399999784677,0.135,28.0,1
7.0,159.74474943939194,85.93334603449816,23.79491164626257,43.27744578706929,35.59280158756714,2.42,48.0,1
7.0,162.0757244258855,57.47246922184771,38.79495837271624,180.45990123066053,36.23409843115316,0.334,41.0,1
1.0,118.9209483444281,50.88785686375821,35.78608460939061,112.77759270904639,26.88505813405714,0.365,32.0,0
1.0,159.01769004801474,51.11241989935261,21.775972241982387,86.7607117455191,34.428743622884255,1.1,78.0,0
3.0,69.22932731584169,48.3552710697256,40.672900689552954,5.878368767202172,40.891821232948494,2.42,64.0,1
6.0,137.2428586482326,57.71956895235705,36.953495527993816,276.18307221092937,44.26849821986561,0.612,37.0,0
10.0,171.88989015261197,72.76888726803551,20.590799631800113,152.2092826250741,48.021405935704394,0.491,67.0,0
0.0,117.28906252085059,78.64281204556414,49.280241428786724,-13.504079403971303,50.34692009365099,1.581,25.0,1
13.0,181.15359741009553,99.98575022138593,51.09799194222782,180.13158469084033,39.59171859468282,1.934,22.0,1
7.0,190.2710698842439,89.20395105983278,30.833781510957635,267.93428517805376,29.411156448721172,2.42,22.0,0
14.0,96.0658321763027,67.42944649202249,12.078172344386264,403.89335792003715,22.27086692442215,0.808,75.0,0
11.0,139.63019756619627,91.05390612658468,24.321553805820578,110.7291491337426,32.80442355765322,0.528,29.0,1
6.0,100.70709503780841,50.33503680208274,64.96895428686454,103.59423340191519,46.26733189954268,0.342,28.0,1
6.0,155.88688127654007,59.753909576954634,59.075711025345406,-8.912184663900169,41.52440521183448,0.204,66.0,1
3.0,199.0,71.40371088896865,28.405090019298918,18.992681836174,44.26220392644417,0.173,39.0,1
9.0,158.40324107996932,50.13163050684522,54.32183027478268,62.216592312242895,32.85845649221632,0.173,21.0,1
3.0,82.08571741203289,66.98291725637003,38.19681201676122,137.20817020625154,44.16326736891193,2.42,67.0,0
0.0,144.26720195026374,42.41744907003287,19.442815868798586,9.851335375580362,45.39750237778634,1.591,45.0,0
11.0,191.35651524835072,74.04043674736256,71.7590161372978,19.29813186459822,56.632349128419364,0.238,21.0,1
0.0,152.94139453034663,57.509091941851906,40.99722715996836,0.975614640752859,45.82078458167106,0.247,28.0,0
5.0,185.86191967570238,73.58501681990411,14.270132366701763,124.1890905090419,43.173621334166924,0.524,29.0,0
7.0,168.87076213154168,82.51791063290278,35.306322195353914,63.65930950913959,39.26531886090365,0.17,34.0,0
9.0,144.5246796223121,73.8811804278552,28.256862279546624,25.12937896810024,47.95205903312686,0.385,28.0,1
5.0,84.35044917702082,55.713940891675904,17.473898081249096,202.24592827993953,44.4162903944472,0.862,58.0,0
8.0,132.5850465620411,71.42219087486578,35.10829147012403,48.7328843869914,33.77418779914943,1.612,69.0,0
8.0,133.67287531821364,91.0808471449599,19.70997978080976,120.463790258264,55.4024908357128,0.277,31.0,0
6.0,76.97499736410269,51.77129401241343,42.01909543653473,115.0870459400737,48.5347650474238,1.627,22.0,0
1.0,132.60177399625067,62.356843938787634,31.988584781385818,97.72146054914583,45.1133695536662,0.174,78.0,1
5.0,199.0,77.2407844981049,43.54069098183075,-5.9302850877239255,46.67655836541154,0.153,22.0,1
1.0,167.955475815364,79.26204287682751,20.380731358913817,186.6325552094462,33.574540134100815,0.318,33.0,1
0.0,101.03969201012293,92.62016116653899,49.02747468903849,183.10116719582385,33.31987317326818,1.92,81.0,0
1.0,172.5852521467931,38.28437547478754,30.89682444269492,123.01294307657196,40.46231516412753,0.237,25.0,1
14.0,122.6286898730261,98.39648240132604,62.434319215315945,68.16154058048153,30.466610075045033,1.029,34.0,1
13.0,158.22335261894816,40.809850696437806,31.925716452010832,176.15365513069932,29.000788096386145,0.251,32.0,0
5.0,142.28332938682735,64.50736038538258,48.041062701971875,19.12428192178949,45.68128402050503,2.114,27.0,1
12.0,148.70943277589927,95.25870733778817,36.26023982395833,67.1740483539912,36.6215869553619,0.278,50.0,0
2.0,157.50494513893162,110.66377784393146,23.107079484538396,846.0,26.981717570014,1.126,41.0,0
13.0,85.4402925470477,60.02949957300893,37.39383534602705,-0.760055128829606,42.02208036941914,0.83,64.0,0
11.0,187.95714462350318,58.08975633224687,42.70890246298862,37.21941101456532,29.082559240664335,2.42,45.0,0
4.0,199.0,100.80275040153211,23.67193616662189,365.5487446138533,28.96957254540629,0.347,43.0,0
2.0,90.24343540343565,49.31669349536682,20.838798894157918,113.82051089610269,43.42314202249645,1.678,26.0,0
14.0,122.24140178440877,80.9681484481546,40.873265968579894,27.597416061289636,40.04712299544477,0.143,21.0,1
3.0,150.68516349818285,35.725440993568355,11.455756250145065,139.13112814378655,43.57769500588716,1.493,81.0,1
12.0,151.35695985793805,99.22392185154524,30.639728019248615,78.3560910285164,42.86740524459749,0.94,28.0,1
2.0,199.0,101.08876821410084,36.272828823043874,55.76766973764627,28.33161951586348,0.331,69.0,1
1.0,85.59287664609593,58.81974294374382,59.38440950036915,34.34368087737903,31.576048471963418,0.887,50.0,0
0.0,150.79965680434682,89.46020642033,55.0061653024329,38.867072097502714,47.16713643346238,0.808,44.0,0
2.0,78.49272748531403,63.39881216935411,34.30534740481984,30.787224053080962,29.253963922617185,2.42,35.0,0
1.0,84.16868813874503,83.81118140907509,33.72269806692202,17.629865808325633,33.40210676570075,0.793,66.0,1
1.0,199.0,64.28198915288132,35.3165733069137,-7.5374406152004365,40.088563281653805,0.455,49.0,1
4.0,89.92433759721617,93.47541699351729,25.711064219538024,209.629889384236,47.559303099382205,0.334,53.0,0
0.0,147.99226123071762,60.65261587117513,41.67813391225201,203.10111416898334,39.88358002148368,0.129,31.0,0
8.0,118.76241189875753,55.409348083562094,31.943237773174715,85.58944321709545,44.70515080911598,0.319,69.0,0
2.0,148.74783175264744,88.1200912524933,35.81925787595024,152.03003225518432,20.79848804771959,0.621,50.0,0
13.0,161.17212675293905,79.630736593325,23.39236488075675,56.86786697292642,47.094801585516265,0.158,65.0,0
7.0,155.72751178234776,51.45531812371461,29.349469646161246,58.83949405584737,38.09131379998006,0.76,32.0,1
12.0,199.0,78.46394606151333,24.291317225851827,150.85027250667414,23.02564792216851,0.874,38.0,0
1.0,122.77431083017791,51.607174406459514,10.784379448720948,14.724188060646227,42.561315793765246,0.605,22.0,0
13.0,172.2949353485293,74.77898355700609,7.848203109207354,172.95967587651606,37.0324134142133,0.577,55.0,0
2.0,193.53853121647452,92.24345377065981,33.26221396853135,8.915955788741464,30.250594450189766,0.253,32.0,1
4.0,89.69647315194439,85.32652028472086,16.584325974056572,-6.193266891588225,30.93036069691138,1.077,63.0,1
1.0,199.0,87.48571530629181,48.46173201082482,57.118293287934264,42.925338961671066,0.995,37.0,1
10.0,181.92210183901096,75.56776718223308,51.08396145096068,92.7501370230977,35.751059463858965,2.188,27.0,0
7.0,199.0,66.59090066823009,65.77513193309537,0.635057677449435,30.656083299338015,0.282,26.0,1
4.0,199.0,79.94704626700715,16.53257811462857,220.73839439921073,31.30018456151462,0.67,55.0,0
9.0,199.0,59.76949750488044,36.050407769394525,81.33972418520622,31.228800661251366,0.348,66.0,1
15.0,168.14462214522396,102.68674550893272,35.56426930638058,-13.504079403971303,50.45866535932717,0.263,21.0,1
1.0,199.0,62.85420218222811,62.36049302165849,49.422262454465894,40.57687819485457,0.391,35.0,1
12.0,163.83865130176542,68.1591823145317,21.50249590922978,154.1429153827627,43.72965199725475,0.333,64.0,0
7.0,128.12918196988147,67.25978677932466,31.466819625349274,19.723817991186692,42.11916099932485,0.539,23.0,1
8.0,151.96833398533678,87.36904117045617,48.027952580985556,138.34220597686152,36.2559523463962,1.54,79.0,0
2.0,76.67357283481402,64.89324083394877,59.381282553074875,264.0332091938458,41.279301880387806,1.052,70.0,0
12.0,186.2827307834415,89.58282396502372,32.011025745675866,30.284830566089454,48.17240378136961,0.205,21.0,1
0.0,101.0671847920607,54.78717370194419,21.597051531679135,99.82519026659426,54.28680935368388,0.185,23.0,1
3.0,185.47690906087786,95.6088150695146,52.61541516959358,-5.623559958794008,36.1270391939621,2.42,39.0,1
0.0,86.62838657981322,54.97916377563952,29.87065620989339,241.1058741045164,40.50611086157237,1.005,26.0,0
13.0,179.12894150769603,80.48111617553036,36.75796473370293,-13.365650686123196,39.52293495312098,1.077,52.0,1
10.0,199.0,46.64325286461554,50.58394609263992,29.79263019440613,39.33708069079325,1.249,24.0,0
8.0,184.1579434758224,82.53884103685925,53.84213535221226,2.1099821574291475,36.0308329058468,1.15,70.0,1
8.0,170.74254581271245,91.14798051455693,27.51322363637636,236.55808102652105,55.60965234634726,0.476,30.0,1
8.0,182.37752881169595,67.54764387176792,32.05618301515445,37.59576464456825,26.22481999041875,0.21,42.0,0
9.0,157.74558755672084,72.67403823895259,36.93258960965598,217.04169421962553,47.13025508636321,0.477,27.0,0
7.0,169.64436317907726,57.969893843014646,21.240859258236455,9.646821161896941,55.287337275308786,0.078,77.0,1
3.0,181.96253164151918,69.83821716166906,45.64823053041136,144.61213957358945,44.529545731919015,0.226,24.0,0
5.0,99.62647269113006,75.99064098757148,22.2614467911025,47.52942758319075,48.655986153302685,0.249,52.0,1
14.0,199.0,88.28179957078368,14.471834840137781,41.703627184918155,31.107189354599946,0.8,43.0,1
4.0,158.92755215251688,74.66651116843252,36.721578573544214,42.24676305625951,38.67835899424614,0.119,32.0,1
9.0,161.66102396443662,99.29593744956185,38.15829805357626,57.90575991250479,37.83412395030433,0.366,77.0,1
6.0,163.72971663110582,61.60786562499753,17.277548847104125,367.66949981864354,30.86972825954367,0.364,70.0,0
1.0,157.79288825028445,69.5100286274793,24.056088385076528,63.19403034286515,27.182949796263888,0.329,63.0,1
14.0,79.36150510851739,120.86192212340592,13.041879274597608,58.512232737576966,35.57162347892175,0.265,22.0,0
5.0,114.24865304296017,76.51004356369526,20.19763095023355,110.70554848083208,47.838727090891375,0.278,59.0,0
8.0,135.54981524024683,63.442009214510875,29.3572975275844,16.558232468760316,53.397591894295985,2.42,24.0,0
11.0,140.91945086152356,42.016019825853974,59.758910738646186,45.49843251633392,47.24199767784539,1.026,23.0,0
9.0,120.62015531344821,73.21296047354346,17.03919613822313,52.32256461037771,46.12111006621933,0.805,77.0,0
11.0,199.0,71.9255534673022,37.18002947226642,59.14361152865807,35.37257475415916,0.283,46.0,0
10.0,101.43777482260934,77.92863695788623,39.90373960658331,28.535290429388183,43.30010266737089,0.205,23.0,1
6.0,143.915576591602,59.94988254917033,37.31288712622687,66.09022093198968,40.1205808782769,0.115,21.0,0
2.0,147.46185732304545,50.615155981910725,40.3143173204594,-10.790978439786866,40.66407128240343,0.134,23.0,0
2.0,135.58810759408337,48.40968417035411,47.93927918266779,11.26827200026375,43.44793325386168,2.42,66.0,0
8.0,159.9807875020684,39.733747931549956,40.22254630209424,173.58925646576506,41.291396164832264,1.214,32.0,0
7.0,117.86623395530938,41.33972171063184,47.55914949953055,50.068676033044355,42.17742635055288,0.588,68.0,0
6.0,101.19368286234747,62.31879718309514,11.010537295798148,45.73056736948519,36.51243494048326,0.082,22.0,0
10.0,185.92521608261632,84.65818145679305,39.67541502584672,9.769809380442972,44.96408313915243,1.047,21.0,1
11.0,109.92766239009751,66.80588806001393,29.43427675638295,60.28302561199847,48.59454374552182,0.391,21.0,1
13.0,196.0757749394252,62.04436947925572,10.469897822148646,11.008963107214882,36.144612216443875,0.249,34.0,0
8.0,187.94683898357695,62.085218802451536,41.15949738012043,46.58422025899033,47.251156031506284,0.421,22.0,0
13.0,103.77263003646388,68.24414364727721,36.75123981897523,-10.383216920804433,50.088262840935926,2.42,66.0,0
14.0,108.83284049341768,63.20018734479847,12.916730374255291,117.40443490119424,44.39027887045795,0.443,21.0,0
3.0,141.74810395150388,54.06862210013257,49.439924796482295,15.355871935996674,39.42840569784528,0.344,62.0,0
11.0,199.0,85.29554752239457,44.82173962806787,-13.504079403971303,52.59365967324891,0.918,68.0,1
6.0,76.7937266728665,84.45766279174907,52.91466732113007,44.70912159147832,37.99242273807126,1.244,76.0,0
6.0,181.62646757840872,72.35450686458677,35.86715959461525,96.83199274152932,41.24115502139503,0.177,24.0,1
1.0,199.0,88.48091210606881,16.375788906281755,251.29031861128865,32.3796170167858,0.078,71.0,0
0.0,190.66336984494677,73.45793295189223,36.907715504931026,357.1278260880498,19.92291562312841,0.739,29.0,0
5.0,199.0,78.41668990201887,10.735419142409306,147.73553639372707,21.811674111734323,1.031,26.0,0
8.0,53.66719996826971,81.24029133726515,34.757456129890016,101.92896945030161,44.27116900873804,0.858,23.0,1
14.0,199.0,86.9411326865916,33.31270671143931,10.051887796816672,46.523510475665304,0.33,55.0,0
14.0,122.59560872761824,59.023047247112416,43.02060808396928,310.0260996757032,48.19699892581106,0.219,56.0,0
0.0,112.30635419280938,62.33693505709763,23.839999677633614,219.50987994949472,35.19338230305313,0.257,53.0,0
13.0,137.80889517699407,70.37495058334878,62.214452721296006,7.860848093394388,35.09845257670507,0.15,36.0,1
3.0,199.0,86.98527664064451,26.430573313531518,774.8217706240922,51.72074296039223,1.604,32.0,0
0.0,199.0,89.29464909330844,28.811120982376544,69.05552161777538,40.42685845170743,0.849,32.0,1
1.0,91.29997960600905,75.39627133141906,57.20822895089908,15.854575334298495,55.529415284279864,0.713,26.0,1
9.0,146.76931980708986,101.58079137747006,38.30401441902821,160.42474078530657,45.03528174268973,1.115,28.0,1
9.0,181.8151269002159,82.40550157060076,34.67338564317531,82.57929861505201,43.560112645048335,0.316,23.0,0
0.0,188.6532159252876,96.53339461825436,34.80841141684903,133.67516646184546,28.188699631681306,0.25,38.0,0
5.0,93.24280151024385,95.47974435684984,33.22435190770532,165.4008279133001,43.40417059249985,0.242,38.0,0
0.0,137.80320770852126,75.12508960713339,42.08137937923156,13.566515709081791,52.35207661085275,0.486,58.0,0
10.0,163.42475663733325,63.21501734947358,15.878457640678633,134.28147829765166,36.402450965311274,2.42,62.0,0
0.0,78.74378295309747,88.02305049578484,42.881503937995944,92.82826958378226,41.64442801961768,0.227,21.0,1
13.0,113.86250258333311,45.97306921257763,28.751448510189455,171.82869540577056,21.710186122009194,0.459,65.0,0
0.0,117.97549480560346,51.00769222583601,41.495385053762156,23.318346686961604,46.40599445837846,2.42,46.0,1
16.0,186.3000049436396,74.46590592422328,40.88505711596749,4.404761601117148,41.27282160303826,0.507,23.0,1
5.0,164.77732004176093,79.11438390374826,31.103257996421057,192.92389482687278,39.67388783647014,0.297,42.0,1
12.0,191.15708821322872,98.4844578141898,54.57940562886284,4.141078379473441,56.42950368580925,0.714,37.0,1
11.0,129.3041326493972,69.83729568252741,51.13362713182724,19.292857867192787,39.870581438276105,0.707,74.0,1
4.0,199.0,56.53205963179006,27.27826788459697,75.35454947241662,34.21124834300241,0.135,59.0,0
3.0,189.49734910861002,74.00235833850712,35.51573972307557,22.07885764778007,36.37662109508119,0.226,26.0,1
7.0,126.27503931538303,81.55696340395716,46.229721152785885,28.48951740715715,41.5406854551878,0.962,68.0,0
2.0,82.92974917908052,52.707408685702966,35.7053978895031,81.94136240769872,33.961836283263914,0.131,24.0,0
16.0,158.23476126009697,94.15382187622299,38.20922847123221,96.13367522433266,29.12851561737135,0.258,26.0,1
9.0,164.20477260281888,104.73354194056094,28.91552171315096,10.272336679019816,34.47617262081101,1.282,66.0,0
6.0,165.16461513397311,106.99488716883133,43.91160816533446,-13.504079403971303,44.182004643872695,0.08,42.0,1
1.0,113.10804821152891,95.16677561835584,38.91829544331642,-3.281361464949976,41.93514260822281,0.148,41.0,0
11.0,134.5767343102084,97.98150633239948,54.2912440701567,118.60657384783073,55.65233297301634,0.257,21.0,0
5.0,199.0,101.52560505791786,48.33572226807719,61.38731021323514,38.634216843554114,0.76,27.0,1
3.0,140.253541597835,102.30442991657017,28.507988974977266,58.95033576835449,33.94587387697332,0.161,72.0,1
2.0,121.51248265274415,45.91331166179316,43.556948049134064,66.65442593992644,56.59414371042564,0.086,26.0,0
7.0,178.95610850863272,74.99525010349002,54.73498425438981,-12.646634401564583,45.84364566673088,2.064,68.0,1
5.0,149.63654988713523,76.80642668904702,40.666909205861785,25.148852403347703,39.20706630025829,0.078,76.0,0
13.0,171.8590349149048,94.47908191626595,42.57471476936548,290.09156989306155,21.378107984432617,0.641,60.0,0
1.0,109.38007012598803,73.41272037112188,46.78771050710599,33.96421285804762,31.984888811336308,0.207,28.0,0
0.0,199.0,94.85293664124748,59.3257021753703,-3.976281056663307,46.1964105707616,0.179,54.0,1
0.0,96.51927955685376,78.05331208768428,35.606146852474474,118.23980583178854,45.7423473224179,1.324,41.0,0
8.0,130.58261754971105,92.80439221256395,13.466595160417402,73.74202848627077,26.17876465160737,1.162,43.0,1
14.0,134.49016195637236,82.98631588090302,16.163341877464898,41.00561950971378,45.98163727115178,2.132,23.0,0
2.0,152.5414177593715,54.33806711847507,49.67021237177717,76.12572209340489,30.037084124888786,0.268,47.0,0
5.0,161.19878539732866,89.19202363959317,24.20310028850183,40.92583663659353,38.45392188477622,0.499,46.0,0
7.0,184.81821347152004,60.56654293406716,44.74434796842613,34.093330515016525,44.23187677759411,0.443,22.0,1
10.0,185.16727862959962,104.24560570955583,15.12000098112928,28.86835067844595,48.85503154797841,0.747,21.0,1
12.0,187.84129007745523,54.746315989862914,41.81870383846328,46.31012749437546,44.27483588065863,1.533,46.0,1
11.0,100.9838801261661,62.72960065212095,27.16571190760623,52.74468738556976,47.28536140353151,0.699,44.0,0
5.0,199.0,66.63177949820597,66.12300950089309,777.7688649129504,40.22327012740017,0.377,70.0,0
4.0,183.32208440200813,57.62286385221039,32.61495179871859,8.49151217981585,41.031509476885155,0.244,58.0,1
11.0,139.09353014801462,91.95487371840966,62.74357385733585,52.54267494321137,31.896488084548388,0.529,72.0,0
1.0,181.9381384520202,81.3146948833249,36.98950106363189,62.613927099628256,46.42567178350312,0.45,74.0,1
0.0,182.68324798015328,81.42324616203317,50.83089743555426,7.846602472851437,44.520864092028056,0.428,34.0,1
3.0,179.72634731407712,86.69464716132603,51.72290120910416,90.66717200494823,41.365888183262626,0.148,29.0,0
10.0,101.86753052450835,66.25782734389347,52.85266706830671,285.83486583664364,55.82094855494272,0.322,54.0,0
3.0,74.85143560735595,62.7031468606932,11.610785826380308,70.62777700200759,39.58668770605533,0.171,24.0,0
