age,sex,cp,trestbps,chol,fbs,restecg,thalach,exang,oldpeak,slope,ca,thal,target
67.2122740707678,0,3,123.36705249036848,343.4702648592437,0,2,158.951451246729,0,0.8761069332161251,1,0,3,0
68.62930933402394,1,2,152.96792066231825,242.45354022243794,0,0,147.79639501799844,0,0.36818378066460294,0,0,1,0
55.62666190352167,1,1,148.09191726038966,242.9184057534836,0,2,147.7872196584177,0,0.5352011136453825,1,1,3,1
47.24289635930245,1,3,137.11834620669748,178.16310335450473,1,0,138.14536261732854,1,1.9109757734161552,1,1,3,0
58.30526407079395,1,3,145.37926138924308,244.78578555722555,0,1,127.4239085812132,1,-0.0013263177997178133,2,1,2,1
48.685664679457545,1,1,130.0,250.07729391944972,0,0,165.5218097472735,0,0.6296284280043599,0,0,1,0
60.11041879107607,1,3,147.26216773828867,271.7924029022865,0,0,172.83589704698414,1,2.0290779519706383,0,1,3,0
56.796285544099746,1,3,169.88112189156692,298.41605873820185,0,2,182.53998610089727,0,0.5587908112181637,0,0,3,0
66.03588669545833,1,2,144.8232261275868,358.67179872511076,0,0,159.2159866567525,1,0.4086534950801418,1,0,2,0
36.154357609849086,0,2,119.28154096359401,207.83953797921683,0,2,158.70980775397803,0,0.9481205915157074,0,0,1,0
55.487783679823345,0,1,130.26789796965255,221.89426075331403,0,2,162.70214142117536,0,1.0675178197853614,0,1,1,0
45.725584709542424,1,3,149.86296022837755,230.03673830875604,0,2,132.05166981807017,0,0.0,0,1,3,1
43.389595158487836,0,1,112.92399509595143,170.2391642559706,0,0,139.3686346916133,0,-0.3115538521903781,0,0,3,0
38.097693705204556,0,2,117.81412545201445,198.91232027435558,0,2,168.84289148701856,0,-0.8608926779102717,0,0,1,0
61.02404522255019,1,2,155.13857150271295,232.73247461473179,0,2,167.09065392463768,0,3.5617314991910316,1,0,3,1
54.709143658678286,1,3,130.35746733004845,285.061079619593,0,2,152.12051400504177,0,1.1255331925908785,2,0,1,0
52.00839223260033,1,3,147.54937202689308,195.54853622907473,0,0,127.9726730221331,0,2.2104726127627825,0,0,1,1
48.34813653423421,1,2,113.86157033252874,284.4859423938268,0,2,155.92783914841456,0,0.05442658651073867,2,0,1,0
54.63766048803832,0,3,141.41900762272607,269.603825373427,0,0,186.9603489050322,0,0.36490366987234535,0,2,1,0
54.44238805908572,1,3,145.79657397519208,176.14796823777323,0,2,124.34140864360518,1,3.4494782186046242,1,3,3,1
49.6530193914253,1,1,102.52043000991834,192.81224031320738,0,0,149.9982670723849,0,0.3903257879553299,0,0,1,0
58.25827939528396,0,2,112.68400100157149,222.99303157035402,0,2,166.2024461958642,1,0.19201337604849222,1,1,1,0
54.16856694071153,1,3,150.59964626591358,189.49721644055074,0,2,143.85816321992428,1,1.052778613764946,0,0,3,1
54.44806534821639,0,3,124.40469304397574,289.2629099739856,0,2,136.25134808472967,0,1.4161507045095962,0,1,1,0
49.55168958141032,0,3,126.75025664361584,218.12359530282805,0,2,128.57244981724898,0,0.14067284191840623,0,0,3,0
40.58311056649622,1,3,141.96293970252324,298.01651466780464,0,0,170.56228068455815,0,2.9620098711339367,1,0,1,1
73.07552610758327,1,1,124.58835866355678,283.6228927235008,0,2,133.4945155984114,1,3.915490657467084,0,0,1,0
52.177382297276715,0,2,166.99560018355922,213.0454542502065,0,2,124.96285536067396,0,1.5847659305741577,0,0,1,0
64.27258330702588,1,2,149.06989764243596,217.16068626202016,0,2,121.50103220748173,0,0.0,0,0,1,1
63.835325015172955,1,3,134.64955271273436,226.5880599952764,0,2,142.04586983116232,0,0.8252153395719233,1,1,3,1
53.57318622051377,0,3,114.59546559250745,220.99919994356097,0,0,144.87011495100188,0,0.761774136493974,0,0,1,0
59.6906928549016,0,3,138.3633251871976,133.82477972079175,0,0,149.91181074725685,0,1.152848612498548,1,0,1,1
44.08593290857244,1,1,126.8776424649626,248.45480925009844,1,2,187.00908862787696,0,0.0,0,0,1,1
55.80965524834562,0,3,154.9137523410791,266.38410422534196,0,0,129.9466828354502,1,1.9909404096819254,1,1,3,1
38.42592125146231,0,1,107.44930972265041,249.3414504784908,0,1,111.15803794502692,0,0.5976290238538249,1,0,1,0
54.63600540452616,0,3,137.80186317059318,275.51128159575603,0,2,181.17203855597526,0,-0.2673546490757104,1,1,3,1
56.05150341526662,1,0,120.12609892545991,268.90130164632774,0,0,135.69191899419005,0,0.2616864495987201,0,0,1,1
48.243156632853214,1,1,126.21937606627849,275.3903509106064,0,0,164.84191638527022,0,-0.6624704631344358,0,0,1,0
59.892006581096446,1,3,146.29225966287623,223.02543687442324,0,0,124.49858644520107,1,2.099411242127978,2,0,2,1
43.91599375038335,1,1,144.0603827399304,234.41528877585145,0,0,187.48419624474448,1,1.1159230246977248,1,0,1,0
64.29287965109827,1,3,130.21554424486013,258.38004983297765,0,0,130.28935098404318,0,0.309174115808055,1,0,1,1
63.04259057830979,0,3,123.76127352401318,281.0896395578201,0,2,140.66892780895023,0,0.05109724476836375,0,0,1,0
49.99330724143,1,1,122.22259143423308,205.50232686833013,1,2,156.1244411655147,0,0.537258085945522,2,0,1,0
50.35121769050011,0,3,145.7894123422666,197.14571219685806,0,0,155.0713648305498,0,0.6149479085791245,0,0,1,0
59.49178435798917,1,2,132.20700685251902,259.74047287963873,1,0,153.6976979382315,0,1.6509007188715723,2,1,3,0
59.50440735606736,0,1,124.73690041109663,267.28954981902734,0,0,132.7020897859002,0,0.28914116897772,0,1,3,1
59.600310407478815,1,2,126.83272253245329,197.12413009599928,0,2,87.67144050813988,1,2.758666111777833,0,0,1,0
50.18406427057491,0,2,130.58089244720261,280.4078573702768,0,0,134.45342576140172,1,0.16472341733907458,0,0,1,0
50.682309796230555,0,0,132.95583792690314,248.03777964228902,0,2,110.32540722788066,0,3.5253088890110105,2,2,1,1
36.04025536231832,1,3,127.39166034971198,252.6644345440322,0,0,174.0384681166034,0,-0.28532030742414743,0,0,1,0
57.88733637983044,0,1,124.0628310589291,277.82936742734273,0,2,133.7517376770092,0,1.0565450118154502,0,0,1,1
74.95971790418587,0,2,124.03304972006056,255.19247169158086,0,1,136.06043196400952,0,0.363344693869446,0,1,1,0
50.1213905528152,1,3,127.59313232035194,287.18329536705147,0,2,153.69510876304574,1,3.3494163395839007,0,0,1,1
33.1583837971516,1,2,124.66326799741127,198.66628492896533,0,2,182.2064193622211,1,0.2235796876766781,0,0,1,0
59.80093576809756,0,1,108.62749782579002,278.25703781671615,0,0,117.23422504704835,1,1.7995777585262658,1,2,3,1
55.517352564038205,1,1,179.20857131709306,194.91666219911136,0,0,175.65984183960987,1,0.7855846847059408,0,0,3,1
49.90565545658877,1,2,118.2863317012116,265.7030506916637,0,0,179.79217254134053,0,-0.03103123760808929,0,0,1,0
59.48219812694721,1,1,123.28171001923602,209.5921787479218,0,0,172.16208342416485,0,1.2543886818178491,0,0,3,0
60.940667265784434,1,0,170.71693669240173,293.1368824569962,0,2,133.13490159071316,1,3.128017708692891,1,3,3,1
55.177068618434475,1,3,138.1735776972964,312.2823142327293,0,0,174.8319165119451,1,4.0102202115458745,2,0,3,1
51.151469821146,1,1,149.53942474744542,188.68077938672047,0,0,179.08969689031815,1,0.6845645333753151,0,0,1,0
52.806487501747156,1,3,107.34068828278131,285.41858378016775,0,0,113.26980652720658,0,0.9630468753182597,1,0,2,0
51.33597780654165,1,0,143.1611188279814,279.37460572594676,0,2,168.38203998219984,0,1.442447886144256,1,2,3,1
46.8051611141616,1,3,124.10670895522313,182.61596965165776,0,0,144.42495154365872,0,0.6391065211687309,0,0,3,0
70.6243503243761,0,0,154.09158644492402,249.0747847072132,0,2,163.35750303648817,0,0.19788698787117864,2,0,1,1
36.62194788264724,1,2,108.0328949967045,244.37113573573222,0,0,150.51675045211675,0,-0.17904440594826063,0,0,1,0
58.89879451621523,1,3,154.42147326254093,246.27379970919154,0,2,140.4570222414792,0,1.41759384006104,1,2,2,1
49.458247521082356,0,2,135.44983053467803,262.3931557649563,0,2,176.5104814224434,0,0.27380861287015895,0,0,1,0
46.72839503495167,1,3,113.91585117032534,216.9597414770118,0,0,124.28065397739981,1,-0.32195056874567857,0,0,1,0
63.09959549952426,0,2,121.90006909656728,241.068918941271,0,2,171.44236419367402,0,1.0674413394819104,0,0,1,0
48.98274125055359,0,3,133.2766814216562,282.82451854747075,0,2,172.44506484343373,0,0.0045801012167766275,0,2,1,0
49.855376389868205,0,2,113.8994464509136,237.8899883505826,0,2,183.54078674413213,0,0.7936038832057224,0,0,1,0
56.687196388870774,1,1,136.95320073278103,298.9487837955878,0,0,141.36881213479086,0,0.944710932686406,0,0,3,0
54.43808689344978,0,1,108.85425417127341,218.0752146287718,0,0,160.92065708731732,0,0.9180562112149317,0,0,1,0
42.327034035137906,0,3,118.52647178897094,282.46920201800134,0,2,181.0842715855276,0,0.551810694186503,0,0,1,0
42.276976694202546,1,3,111.01272697217651,218.63051821625982,0,2,112.9549876178414,1,2.4207815337255054,1,1,2,1
74.2135651667876,0,3,122.10393077718297,218.31754947589675,0,2,137.2241867079863,1,0.17487676865256835,0,0,1,1
58.288310773701916,1,3,117.94406429582605,251.9066217634248,0,2,151.157893321838,1,1.04467766391289,0,1,1,0
67.45950871298457,1,3,130.75566244808664,321.13250888900956,0,0,144.10844245817017,0,2.585291158776333,1,1,1,1
57.85329322640755,1,1,126.64218239557398,317.1366647444769,1,2,173.56984052954883,0,0.0567784513219729,1,0,3,1
52.81280937839444,1,2,139.57590573059215,202.39964211540408,0,0,148.95303919767565,0,1.1229858034588933,0,1,3,1
57.14824727891587,0,3,156.83079526655717,171.47721422188977,1,1,104.89060387472499,1,2.911280140943605,1,2,3,1
63.36600122129684,1,3,139.56085415013646,301.63999362370936,0,2,125.44306040136614,1,3.2431903213814364,0,0,3,1
42.91614716257104,1,2,121.67309150439024,315.429841807265,0,0,140.5295729949389,1,0.16413375376488382,1,1,3,1
42.71154672303773,1,3,108.13064504896573,349.7407911361378,0,0,158.70980619384113,0,3.4656095988884146,1,3,3,1
42.11087218424475,1,3,111.83485943922055,245.84060827310333,0,2,168.7775611849182,0,-1.65086909143454,0,0,1,0
58.85126020690207,1,1,106.30246834076956,234.31082420252318,0,0,177.70793858143324,0,1.0026461898020844,1,2,1,0
26.648811627579832,1,2,128.34065396711804,187.4963936752665,0,0,177.60921391341103,0,0.3484297807212697,0,0,1,0
62.62019556622426,0,2,176.31366774839958,318.2425354547965,0,2,100.17519679423239,0,0.5800897256258463,0,0,1,0
63.328270899021774,1,3,132.41369721217163,240.36625771883033,0,2,130.93175275220577,1,2.2749603925147808,1,0,3,1
56.19215719618674,1,3,135.1455419334151,226.2536061760563,0,0,153.14437339697187,0,1.615806381600123,1,3,3,0
64.96170905939634,1,3,129.1804874473194,285.40960423536285,0,0,186.5845137195399,0,-0.590767564938371,0,0,3,0
51.71369098552452,1,3,129.79859115994938,235.37855824108547,0,0,168.31618320575564,0,0.5325331144402164,0,0,1,0
31.95738869019805,1,3,126.8211531937213,215.75738553051562,0,2,160.99371529806774,1,0.0,0,0,1,0
38.67630359621246,1,3,166.71203183176766,336.1768956980135,0,2,141.7239853961307,1,1.460310580421126,1,1,3,1
57.40120365952886,0,3,150.67736831635898,226.243827887296,0,2,148.17400243833293,1,5.014988849102398,1,3,2,1
55.53310058637481,0,1,91.83303090195434,255.6443368489212,0,0,152.03585532632454,0,0.2331170365830974,0,0,3,0
54.48463976171571,0,3,133.23791973443275,235.3122407353795,0,0,152.24316190917258,0,0.07985561905781516,1,0,2,0
42.81721587851886,1,3,126.90264612140733,222.80713298996608,1,0,148.4547454897318,1,4.9689661945603625,2,0,2,1
56.0109576262025,1,3,154.06962676747392,345.25400765650664,0,2,173.45195357803794,0,0.38040303305919215,0,1,1,1
67.35484305919739,1,2,139.90373674997014,289.5298055072955,0,0,171.71905410366392,0,2.297198528492723,0,0,1,1
58.44179440221427,1,2,123.15950298666586,227.66827319098013,0,2,143.8566475087386,0,-0.3695651401618157,0,1,3,1
46.14597628412588,1,1,160.08519928241668,194.35333066074273,1,0,162.18258558816405,0,1.2245181722119205,0,0,2,0
63.091782659532676,1,1,109.00554859734139,333.9905570155611,0,0,152.53524996512047,0,0.2819102962273218,0,0,1,0
71.51758320775937,1,3,153.82107872511293,227.37394235396414,0,0,134.90989224497525,1,0.9214014248968592,0,0,1,0
45.23202273605203,1,2,116.68070325478119,246.84383971311397,1,0,173.3001848964042,0,1.5648018635297174,0,0,3,1
39.62975963676772,1,2,129.66749986236758,191.54685810340106,0,0,181.33750370933208,0,0.0,0,0,1,0
62.31363872495894,1,3,106.92894039368218,215.8776999834166,1,0,166.0005857358934,0,0.6346250939866761,1,0,1,1
49.42434657852143,1,3,116.6449176128691,225.28892431763114,0,2,127.01416501805976,0,3.440139664447804,1,2,3,1
64.86554868225478,0,3,147.0401373326312,300.78276431058316,0,0,111.23454644127729,0,-0.13193576163353127,1,2,1,1
59.06520230106114,1,3,133.6158409056697,213.01188525080096,1,2,149.7233886845402,0,1.285301350698704,1,1,3,1
35.01317829231619,1,3,141.39158666808015,172.45267939305893,0,0,157.7536527952408,0,0.9036132402370254,0,0,3,0
59.13996225387582,1,3,152.87807928870717,217.96721899633297,1,2,147.58552978715167,0,1.1101977101567773,1,2,2,1
55.649118063710155,1,3,131.70112307787807,152.78012260771715,0,0,164.25509228767703,1,0.1663447388808683,0,0,1,0
67.07518107231147,1,2,99.28746626598912,252.41743384356465,0,0,153.68569543480416,0,0.32609504289757485,1,1,3,0
45.31543228650673,0,2,120.92004199558899,164.79809697416982,1,2,108.56209149777308,0,0.757494475665464,0,3,1,1
50.7330080002213,1,2,141.92927473344898,264.53355378101696,0,0,136.8362407971835,0,2.3083612086228014,1,0,3,1
59.72801028069502,1,2,127.02378752971217,192.52692809670543,0,2,118.48160871113804,1,1.513765719825947,0,0,3,1
54.44979227243112,1,2,152.0628144781603,226.08378657045495,1,2,146.81931290752837,1,1.9350919313737382,1,1,3,0
58.12748707946811,0,1,120.44998432502035,243.1572593175697,0,0,192.0044766729864,0,0.9780054752739601,0,0,1,1
63.324559767891834,0,3,150.30312770518867,313.47584417400117,0,2,130.91944472817835,1,0.6873382137915488,0,0,1,0
56.154388138866025,0,2,140.1818631671349,287.3496552322812,0,0,145.866922106274,0,0.18753370496828942,1,0,1,0
59.12743802776855,1,3,129.85673457487044,355.9752083454255,0,0,156.8287049650043,0,0.2916546181143309,0,2,1,0
42.792560418515464,1,3,124.4901017264765,351.8049488495041,0,2,189.88997877829092,1,3.599057146097741,1,0,1,0
64.83598970695087,1,0,173.20243661252073,234.34512857265435,0,0,132.00218816675883,1,0.668774456884689,0,1,1,0
50.001226182992646,1,3,133.56088513472153,320.6705178215489,0,2,147.39932158144964,0,2.254222770512933,0,2,3,1
61.744322246447666,1,3,104.41218620059027,233.9084337126231,0,2,100.10327588698733,1,1.9009077506062522,1,2,2,1
53.53203427497518,1,3,145.59926539272334,227.502351156224,0,2,142.13150873741913,0,2.770284250709799,1,1,3,1
53.729322268568666,0,3,144.00171420097877,359.0015802616462,1,0,151.96739633269274,1,1.0576241109053133,1,2,1,1
65.63049322610077,1,3,128.43173641483762,229.98124567943893,0,2,117.13568709319117,1,3.78353528294829,1,2,3,1
66.12652942454936,0,1,141.93952885575294,192.00714053379437,0,0,172.9990760307594,1,1.098854004095914,0,0,1,0
53.31778273726677,1,3,138.2419400842241,180.2415996048919,0,2,143.36098691389998,0,0.13809925546251178,0,1,1,1
39.91860303124702,1,3,119.03840546127161,249.0223834995444,0,0,175.41903898009159,0,0.5501743166691311,0,0,1,0
62.383537981831665,0,2,138.4618010298764,228.61905688784145,0,2,189.30676290015322,0,-0.22176748259173687,0,0,1,0
61.20146867414066,1,3,161.43594533081102,276.0941243622522,0,0,172.3994505182217,0,1.8114864995413442,0,0,3,1
55.959311265983835,0,1,120.83615342782917,263.41654847877464,0,2,152.17268357800145,0,1.117730236356597,0,0,1,0
46.53637422828644,0,2,111.94788113352918,175.0330180799824,0,2,166.68371118054336,0,0.0,0,0,1,0
64.92020922639355,1,3,134.07349060976347,227.56194680492845,1,0,152.0141192485107,1,-0.47778913908411935,0,0,3,1
50.59635392134403,1,1,153.88438106705573,239.06123723236684,0,0,144.99208666647658,1,0.24546750238995887,0,0,1,0
60.6204486933364,1,3,95.37131771305106,211.84873210248594,1,0,157.2199490449897,0,1.5176677318258953,0,3,3,1
33.11847109826882,0,2,124.47747266318953,213.21855397690922,1,2,169.61695734340995,0,-0.34053339137120175,1,0,1,0
47.16807646463443,0,3,135.7660960789323,153.98323327331343,0,0,120.57733098805662,1,3.6758302409412034,1,1,3,1
52.252777030360704,1,3,115.87100777551701,223.9849520954043,0,0,115.60778058892645,1,0.1418111020432684,1,0,1,0
54.183639023549574,0,2,138.9600347274793,336.07384397741976,0,0,164.58047577451927,1,0.0,0,1,1,0
52.81704542373,0,2,122.2107316487445,239.67554096832802,0,0,173.194214049296,0,-0.3312569227610026,0,0,1,0
46.52311842075781,1,3,113.01759427587652,266.3460298775095,0,2,160.100473846803,1,0.0,0,0,1,1
60.99963941952213,1,3,135.46872644590064,237.48072859662133,0,0,130.146835569734,1,3.0911970227346712,1,2,3,1
48.592655602457135,1,2,148.30213515692742,222.39481639466524,0,0,146.9566507649942,0,1.5310864943261497,1,0,3,1
49.9742827544331,1,3,160.36406597359107,310.67428546249624,0,2,151.19426283113697,0,0.7804596789025771,0,0,1,0
51.470777182010096,1,2,115.80646900228966,169.49077255872103,0,0,114.14768347990471,1,0.4409632001839045,0,0,1,0
58.70096367525099,1,3,138.5237185754475,224.1397070732026,0,0,165.35534129036304,0,0.05381663183379892,0,0,1,0
41.82279683297134,1,2,119.50694240669662,323.5214126443292,0,0,160.68912595216787,0,0.2748446224921274,0,0,1,0
67.06804048090888,1,3,150.78534172959655,179.33355464987085,0,2,150.9346377440433,1,1.9653621510883097,1,3,3,1
44.44942605781494,1,3,114.43234852767051,271.7739779726614,0,2,132.60143664195263,0,-0.6650171982502704,1,2,1,1
66.03356380221513,0,3,130.39945836748095,248.81388515705967,0,2,155.73348648478427,1,-0.5366722690328334,0,3,3,1
48.63121938594911,1,2,103.42412420882165,216.2577795860223,0,0,143.25211969496684,0,1.210751908259254,0,0,1,1
50.63865784856401,1,1,131.74928889558052,313.3173607853232,0,0,192.40838862520363,0,0.48486082798612334,0,0,3,0
58.545001366623765,1,2,117.49815351919764,329.54592090934653,0,2,138.37732020758227,0,-0.031154551248075757,0,1,1,0
67.96037933676119,1,3,132.67643606130994,254.66054827661367,0,0,109.99251039976423,1,2.0650449980505736,1,2,3,1
45.291825987491514,0,1,132.99329571912557,241.9966991627885,1,2,166.6824487836809,0,0.023009723132274063,0,0,1,0
44.70049694646194,0,0,120.58596958208526,245.2632084829749,1,0,190.84917038811005,0,1.3803349894113652,0,2,1,0
59.0234926612536,1,1,132.72197342813593,237.2966002832031,0,0,158.59980774931853,0,0.8923751387096864,0,1,3,1
51.03455749332809,1,1,116.87315566331682,216.42030736522528,0,0,160.45155745391105,0,-0.15127980139402616,0,0,1,0
39.69685635890803,0,2,121.94368909032595,295.7941276351299,0,0,117.13564184826488,0,0.3053945800371449,1,0,1,0
55.177958547562746,1,3,132.94713196436152,267.27781284972804,0,2,166.96060736140237,0,0.25266874610519,0,1,1,0
59.203656452976006,1,3,113.85180819887606,297.8408535310643,1,2,141.7687460207824,1,0.34942022465335293,0,2,3,1
59.104295436096855,0,1,104.71241435347655,225.3746999873137,1,0,179.47825310008838,0,0.0,0,0,1,0
50.643911812444124,0,1,105.16362920677716,267.0422254927857,0,0,138.63873448439486,0,0.556744087377856,1,0,1,0
58.47942201653968,0,2,110.8407117850793,250.59724926373127,0,0,136.87016118966423,0,-0.7483813199521719,1,0,1,0
53.52733556829857,0,3,158.43626421312936,325.87123547288996,0,0,145.17940811502658,1,2.9910294847775374,1,2,3,1
54.36355339828794,0,3,139.2407898039741,216.10624196243683,0,0,157.65899833134947,0,1.413590874492208,1,0,1,0
43.2731148386231,1,3,144.3863022494974,241.08774590677837,0,2,153.36181147702908,1,-1.1914163086399294,2,0,3,1
58.40614943874437,1,1,142.05989938857022,255.20053434578583,0,2,193.88183495029858,0,1.0438662401407046,1,1,1,1
54.89500879886862,1,3,148.83834988057754,287.3587516542741,0,0,166.6228187277065,1,1.504611854407995,0,0,3,0
61.476463104552835,1,1,176.02968832796893,229.97335354093036,0,0,142.29570765183547,1,0.3453282461845969,1,0,1,1
61.438059016237965,1,2,121.8088787520304,280.5439677021786,0,2,120.17997187053156,0,0.007894925039473866,1,1,3,0
63.87834547670665,1,3,117.46566959197908,288.18777949444234,0,0,149.93543266141543,1,2.0427883159151,0,1,1,0
34.21052522325546,1,3,85.42496717965388,238.70562767754092,0,0,148.62474607907146,0,0.28753874544669794,0,3,3,1
47.124368015780796,1,1,122.76301093159103,245.76539861718715,0,0,125.42941821750865,0,1.2580810514201466,1,1,3,1
45.185833985394446,0,0,111.93672217821259,239.9891508239369,1,0,141.69320241372472,0,1.3817061815738518,1,0,1,0
55.51169950297689,1,3,129.11903398638265,255.8620163996682,0,0,172.54312633814308,0,0.2938302416592422,0,0,1,0
57.29930487033046,1,0,131.02281344992744,246.0868134820066,1,0,162.71432707374535,0,1.0666223088720588,0,0,1,0
43.67609297160808,0,2,129.41208006912325,191.56551224390915,1,0,139.44637595385012,0,0.2826450415140871,0,0,1,0
51.64723882986415,1,2,131.3449707750269,215.0278951533601,0,2,161.32344136441662,0,0.1992421035609061,1,1,1,1
56.91064544064686,1,2,126.91324617875146,173.24989449635478,1,2,111.07708713804679,1,0.30731192031607785,1,0,3,0
61.29319059555536,1,2,146.04395673002946,170.98694365071756,0,0,129.8701419653394,0,2.3985104422478205,0,0,1,1
63.096227876423605,1,1,147.03552571794512,270.12421619288307,0,0,137.833428603309,0,0.7475002327224024,1,0,1,0
41.29804255022856,1,1,121.92671346314974,280.34090489034025,0,0,184.5147092804512,0,0.39532245580386044,0,0,1,0
49.08810954763548,1,3,125.39039692854344,259.7894098357707,0,2,167.1653734462863,1,2.0621179690928333,1,0,3,1
50.15802338127813,0,3,115.10644970827727,144.68002566434697,0,0,164.8575897108226,0,0.0,0,0,3,1
45.140864961674964,0,1,139.53678629020553,207.8239856336379,0,2,173.55224455736268,0,0.3960574123988768,1,0,1,1
61.07146458335585,0,2,148.89510296060675,366.6784700028422,1,2,149.13076222303872,1,2.1873461615674707,1,2,3,1
53.872426587024286,1,3,114.30808559265782,232.00767991937056,0,2,133.07152884972325,0,0.9937550493834502,1,1,2,1
60.482854516150795,1,3,123.48077537194992,252.7915315019298,0,2,157.84640781127308,1,-0.04062278912119088,1,1,3,1
62.48147857827127,1,1,148.0136101646118,120.28176375025214,0,2,164.00496977360027,0,-0.06392019681996343,0,0,1,0
57.418028946852104,1,1,171.49081605809994,286.5343914300465,0,2,135.3904991908168,1,1.8526593710804427,0,0,2,1
51.235410046610944,1,3,117.54712628435594,289.55349719947696,0,0,174.01984863960143,0,0.9838212012876321,1,0,1,0
50.76558475532958,0,2,122.19935534752837,336.0689454761676,0,2,166.6806643063441,0,0.45878864184531876,0,0,1,0
58.39428609142265,0,2,154.49690678024422,160.79727679904715,0,2,179.16599627930168,0,-0.7670293479467498,1,0,1,1
48.36977977915705,1,3,134.68849456057538,152.0270983418128,0,0,189.0166986758681,0,-0.6875841005323782,1,0,1,1
68.1576194264656,1,3,125.13801282627236,166.75628784858372,0,1,152.1129531557199,0,1.1034760057745536,1,0,2,0
60.72392345177128,1,2,116.47637076217974,227.7068716625838,0,2,156.231987131327,0,1.908905747528634,1,0,3,1
48.08976958000819,1,3,126.75102994846499,287.9980656754912,0,0,107.95039159873855,1,2.0103029534495493,0,2,1,1
67.71772885715008,1,3,140.79780357526727,369.1882689826666,1,2,153.89783306992737,0,1.0645656512609811,1,3,3,1
38.985842996556094,1,3,148.3110807948308,288.5727291618652,1,2,159.13990111072096,0,0.18668501377024416,0,0,3,1
52.460731921484864,0,3,136.9410220626257,335.5458808000649,1,2,135.5166957791542,0,3.3876124536860552,1,3,3,1
47.02391070605816,0,3,138.98136163686297,228.27880670815236,1,2,117.7889314036315,1,4.6529305919971105,1,0,2,0
47.43322151075339,0,2,152.6011483055831,258.11139560092727,0,0,145.82816120129098,0,0.6232651851192051,0,0,1,0
46.80915542574902,1,2,112.36880704447275,241.38824135053892,0,0,165.1343354177757,0,-0.5105654297980193,0,0,1,0
34.23368771467421,0,1,117.90946133771872,201.34839588361675,0,0,153.1554097475544,0,1.2534377620007588,1,0,1,0
50.720033954926514,1,3,136.29554966141725,218.62422069399483,0,2,166.48015368097876,0,0.0,0,0,1,0
40.33290532791597,0,3,136.1472278697388,340.96571133991927,0,0,184.6864708014314,0,1.2078915731422388,0,0,1,0
47.07122781821154,1,2,170.40932493960813,241.5104666000024,0,0,179.76016115794587,0,-0.25699563130650205,0,0,1,0
57.83416433494911,1,3,97.86995640089503,260.0011033710215,0,0,159.59500443982748,0,1.1847073883243053,0,0,1,1
58.64809906300127,1,2,136.3097672227009,223.25330731098597,0,2,120.84512279197203,1,1.4285737834999135,1,1,3,1
54.22956509788592,0,2,124.60669452889476,236.89680850394916,0,0,120.24258117596662,1,-0.12390421073996061,1,1,3,1
56.00901697626476,0,2,108.38892370427756,178.29858703085046,0,0,183.24917699194881,0,0.632814151814937,0,0,1,0
46.18857178224426,1,3,146.1046640269358,207.31428961361257,1,0,166.70426129870975,1,-0.42356060712205235,0,0,3,1
63.72226153811491,1,0,121.90784929188618,273.7297905769507,0,0,179.36086090397234,0,0.7165155098906506,0,1,1,1
44.765234151731555,0,3,110.92912604575953,223.13582414375395,0,0,171.6647683329048,0,-1.0439252067565108,0,0,1,0
46.305441120613935,1,3,151.6295676692251,197.06830070180692,0,2,102.49475563644947,0,-1.2342915005945494,0,1,1,1
59.18686704638285,1,2,118.50232096024283,209.97275976794018,0,0,135.35261157257352,0,2.7229914092847536,1,0,1,1
59.84392935408175,1,2,133.57529556391415,313.10152217363145,0,2,114.60136441989488,1,2.979924821998291,1,2,2,1
62.37928693408446,1,2,151.34935027072746,224.2797133553506,0,2,171.10606508641342,1,2.2757594400530987,0,0,1,1
49.99623691471257,0,3,129.00766560025522,346.12912652930163,0,2,138.5121779829415,0,2.2257261756766336,1,0,1,1
62.021556473422486,0,3,136.77024629515142,237.0474478058255,0,0,147.18087178053588,0,2.0164789106244783,2,0,1,0
59.35663805401598,0,2,139.73628373398415,196.5282810157468,0,1,139.0974347937003,1,2.0935776290296952,1,1,3,1
49.19925130682618,1,2,136.5367874744375,208.64817040815714,0,0,167.0777402542855,1,0.7747596054792877,0,0,1,0
65.77807378930073,0,2,171.65209751242924,179.92419878612776,0,2,151.36797342806108,0,3.055935718476408,0,0,1,0
63.03863066072151,0,1,109.19388128946053,233.8637568283341,0,2,115.80879248740986,0,0.0,0,1,1,0
59.92843393077213,0,2,127.35562133430967,239.20685493825496,0,0,168.83480312181752,1,-1.288832421201934,1,0,3,0
41.75513648043193,1,3,107.37234714113154,229.58105427188875,0,0,169.52802706038912,0,0.8640856956198973,0,0,1,0
31.623898538882045,0,3,105.39964031757515,255.29802746565568,0,0,163.61961608585833,1,-0.36383560829347183,0,0,1,0
55.781392166524405,1,3,101.1953737757831,324.50086065006934,0,2,186.12034584438697,0,0.22231305337923,0,0,1,0
40.568113028819226,1,1,124.3914960394904,207.08986975147474,0,0,174.79538854829542,0,0.13486439249390628,0,1,3,1
53.61566538426272,0,3,149.58457767642798,266.8460895283631,0,0,169.26240827410604,1,0.5538225011171487,0,0,1,0
38.76066596345426,1,2,116.10494508878357,176.41435178546607,0,2,171.59774304287743,0,0.0,0,0,1,0
43.72196270885878,1,3,130.31184207429925,245.06281754207131,0,0,158.2182236320778,1,1.1995861096994342,1,2,1,0
64.59463865174988,0,2,123.57530371295827,237.536291262725,0,2,160.86226682897595,0,-0.02916508749155855,0,0,1,0
38.70728505823364,1,3,157.0726845983063,275.09018888312715,1,2,128.47315379560766,1,2.8408912236233066,1,0,2,0
65.73172010233476,1,3,129.85578235884986,182.10103642415558,0,0,132.31742701829995,1,0.7308180653347278,1,1,1,1
52.67674617716832,0,2,130.77857595181496,283.88348513565154,0,2,159.26852609938132,1,1.6769556167447437,1,2,3,0
