generator,size_multiplier,auc_mean_over_classifiers,brier_mean_over_classifiers,pcd_mean,ws_mean,js_mean,dcr_mean,dcr_min,duplicate_rate_mean
COND_DDPM,1,0.8715187590187591,0.1507973149849193,0.0779824469534195,0.1811007638076775,0.0031669377843189,2.0410418113072715,0.2532582879066467,0.0
COND_DDPM,2,0.903553391053391,0.13359677869628298,0.068398778135882,0.1657628745466531,0.0028575363370876,2.038490160306295,0.2470801323652267,0.0
COND_DDPM,3,0.9073051948051949,0.12832089726991208,0.0651403050419307,0.1646036506753471,0.0025945994962601,2.043811575571696,0.2741884291172027,0.0
EMPIRICAL_BOOTSTRAP,1,0.8893037518037518,0.1431521838768806,0.0480068493357716,0.07177545500468,0.0008167907053972,7.026998773517261e-09,0.0,1.0
EMPIRICAL_BOOTSTRAP,2,0.906439393939394,0.12611789864124917,0.0341132879907982,0.0532722495471771,0.0004633547103742,7.47349812244251e-09,0.0,1.0
EMPIRICAL_BOOTSTRAP,3,0.9064033189033189,0.12591258817525022,0.0268926499914646,0.0441158580284471,0.000298787431022,7.3364563753493405e-09,0.0,1.0
GAUSSIAN_EMPIRICAL,1,0.9064033189033189,0.13521058910667183,0.0824481269161926,0.1300908320704655,0.0010525970369073,2.102612425158821,0.3078561220285712,0.0
GAUSSIAN_EMPIRICAL,2,0.9202922077922078,0.12026907763035953,0.0750165366760607,0.113730264812895,0.0004900212917887,2.0970888465927406,0.2543189210232817,0.0
GAUSSIAN_EMPIRICAL,3,0.9207611832611833,0.1189970096553077,0.0710281464275976,0.1087160144330117,0.0003011763568929,2.1012329364270026,0.1573144595498064,0.0
